method_a,method_b,protocol,estimand,support,scope,period,metric,units,direction,estimate,ci_low,ci_high,n,n_stations,n_blocks,resampling,seed,replicates,support_sha256,n_station_years,n_reconstructions
G_PLUS_P,P_CAL,loso,daily,all_expected_targets,all_network,primary_2024_2025,RMSE,ng m-3,a_minus_b,-0.03108710180624108,-0.2525280386613202,0.05774609871934489,5089,21,1,station,20260921,2000,49422f1082065a9d47ebdfaf52caf564b1c3e1dad3fba927ae8da3a978f385a0,,
G_PLUS_P,P_CAL,loso,daily,all_expected_targets,all_network,primary_2024_2025,MAE,ng m-3,a_minus_b,-0.06457310189757304,-0.13337348792455186,0.002114362278043734,5089,21,1,station,20260921,2000,49422f1082065a9d47ebdfaf52caf564b1c3e1dad3fba927ae8da3a978f385a0,,
G_PLUS_P,P_CAL,loso,daily,all_expected_targets,all_network,primary_2024_2025,bias,ng m-3,a_minus_b,0.02134546746408919,-0.09696610089209953,0.16523251097608363,5089,21,1,station,20260921,2000,49422f1082065a9d47ebdfaf52caf564b1c3e1dad3fba927ae8da3a978f385a0,,
G_PLUS_P,P_CAL,loso,daily,all_expected_targets,nonindustrial,primary_2024_2025,RMSE,ng m-3,a_minus_b,-0.17150173151541348,-0.2752708883594704,-0.0557014736862186,4852,20,1,station,20260921,2000,5d1137882eec8537744050437f9ce1b569790644db3bdcfe69d5597e07b2e781,,
G_PLUS_P,P_CAL,loso,daily,all_expected_targets,nonindustrial,primary_2024_2025,MAE,ng m-3,a_minus_b,-0.08220605815056892,-0.1440901151467651,-0.02304621265948432,4852,20,1,station,20260921,2000,5d1137882eec8537744050437f9ce1b569790644db3bdcfe69d5597e07b2e781,,
G_PLUS_P,P_CAL,loso,daily,all_expected_targets,nonindustrial,primary_2024_2025,bias,ng m-3,a_minus_b,0.04109393902196207,-0.07662420617232034,0.1768055966787769,4852,20,1,station,20260921,2000,5d1137882eec8537744050437f9ce1b569790644db3bdcfe69d5597e07b2e781,,
G_PLUS_P,P_CAL,loso,daily,all_expected_targets,nonindustrial_higher,primary_2024_2025,RMSE,ng m-3,a_minus_b,-0.1844721796377271,-0.33082144336575103,-0.018665757363014936,2394,10,1,station,20260921,2000,62f59d22b59dd9d7e2e072c7b3fe63144e2f3e8824a30706c4074510f362197d,,
G_PLUS_P,P_CAL,loso,daily,all_expected_targets,nonindustrial_higher,primary_2024_2025,MAE,ng m-3,a_minus_b,-0.10009182061737687,-0.18644202249047268,-0.022793204206468378,2394,10,1,station,20260921,2000,62f59d22b59dd9d7e2e072c7b3fe63144e2f3e8824a30706c4074510f362197d,,
G_PLUS_P,P_CAL,loso,daily,all_expected_targets,nonindustrial_higher,primary_2024_2025,bias,ng m-3,a_minus_b,0.1683955735538848,-0.042588095896962164,0.3881873794017302,2394,10,1,station,20260921,2000,62f59d22b59dd9d7e2e072c7b3fe63144e2f3e8824a30706c4074510f362197d,,
G_PLUS_P,P_CAL,loso,daily,all_expected_targets,nonindustrial_lower,primary_2024_2025,RMSE,ng m-3,a_minus_b,-0.1656916237246201,-0.3197740970780826,-0.003255310137212333,2458,10,1,station,20260921,2000,b29a851546d291a0d2f7dfae9c12846445d0e09a394514e7c02a871b374d99af,,
G_PLUS_P,P_CAL,loso,daily,all_expected_targets,nonindustrial_lower,primary_2024_2025,MAE,ng m-3,a_minus_b,-0.064785994950594,-0.14886042524242346,0.02866571377093874,2458,10,1,station,20260921,2000,b29a851546d291a0d2f7dfae9c12846445d0e09a394514e7c02a871b374d99af,,
G_PLUS_P,P_CAL,loso,daily,all_expected_targets,nonindustrial_lower,primary_2024_2025,bias,ng m-3,a_minus_b,-0.08289308826421479,-0.17113642883997404,0.0028356758514643814,2458,10,1,station,20260921,2000,b29a851546d291a0d2f7dfae9c12846445d0e09a394514e7c02a871b374d99af,,
G_PLUS_P,P_CAL,loso,sampled_date_station_year_mean,all_sampled_dates,all_network,primary_2024_2025,RMSE,ng m-3,a_minus_b,0.05277022589759772,-0.182257919808418,0.13417100685928898,42,21,1,station,20260921,2000,a4b83f112a2a39d7bb39c1c70c56f5678dc7ac9449f27af54e02cbafaafd9a52,42.0,
G_PLUS_P,P_CAL,loso,sampled_date_station_year_mean,all_sampled_dates,all_network,primary_2024_2025,MAE,ng m-3,a_minus_b,-0.03234554783884347,-0.13472211462279887,0.06664981857257757,42,21,1,station,20260921,2000,a4b83f112a2a39d7bb39c1c70c56f5678dc7ac9449f27af54e02cbafaafd9a52,42.0,
G_PLUS_P,P_CAL,loso,sampled_date_station_year_mean,all_sampled_dates,all_network,primary_2024_2025,bias,ng m-3,a_minus_b,0.011918443849193161,-0.10334243344135774,0.14884840746967357,42,21,1,station,20260921,2000,a4b83f112a2a39d7bb39c1c70c56f5678dc7ac9449f27af54e02cbafaafd9a52,42.0,
G_PLUS_P,P_CAL,loso,sampled_date_station_year_mean,all_sampled_dates,nonindustrial,primary_2024_2025,RMSE,ng m-3,a_minus_b,-0.0941903931327226,-0.21939841927796067,0.03069697686686097,40,20,1,station,20260921,2000,75f77a11b57c142012fafa94a0442f20d6ba5eff6db77fdddfbfa204481e78df,40.0,
G_PLUS_P,P_CAL,loso,sampled_date_station_year_mean,all_sampled_dates,nonindustrial,primary_2024_2025,MAE,ng m-3,a_minus_b,-0.05311698818927829,-0.15705426972654193,0.04272375268282487,40,20,1,station,20260921,2000,75f77a11b57c142012fafa94a0442f20d6ba5eff6db77fdddfbfa204481e78df,40.0,
G_PLUS_P,P_CAL,loso,sampled_date_station_year_mean,all_sampled_dates,nonindustrial,primary_2024_2025,bias,ng m-3,a_minus_b,0.031668529000145634,-0.08188970756476899,0.1601045681560573,40,20,1,station,20260921,2000,75f77a11b57c142012fafa94a0442f20d6ba5eff6db77fdddfbfa204481e78df,40.0,
G_PLUS_P,P_CAL,loso,sampled_date_station_year_mean,all_sampled_dates,nonindustrial_higher,primary_2024_2025,RMSE,ng m-3,a_minus_b,-0.1487575474655169,-0.319634840510835,0.04704670691902562,20,10,1,station,20260921,2000,54d313e95dc309aa2e8ef845fd41708208c653e62ac636636faccd8f7f1e8a69,20.0,
G_PLUS_P,P_CAL,loso,sampled_date_station_year_mean,all_sampled_dates,nonindustrial_higher,primary_2024_2025,MAE,ng m-3,a_minus_b,-0.09012355382254489,-0.24650909947150795,0.061162946867008176,20,10,1,station,20260921,2000,54d313e95dc309aa2e8ef845fd41708208c653e62ac636636faccd8f7f1e8a69,20.0,
G_PLUS_P,P_CAL,loso,sampled_date_station_year_mean,all_sampled_dates,nonindustrial_higher,primary_2024_2025,bias,ng m-3,a_minus_b,0.14742955251367504,-0.05622231078103477,0.3652460319974145,20,10,1,station,20260921,2000,54d313e95dc309aa2e8ef845fd41708208c653e62ac636636faccd8f7f1e8a69,20.0,
G_PLUS_P,P_CAL,loso,sampled_date_station_year_mean,all_sampled_dates,nonindustrial_lower,primary_2024_2025,RMSE,ng m-3,a_minus_b,-0.023958353243952124,-0.14055759705411672,0.11101811777535796,20,10,1,station,20260921,2000,670d7f6c2b4a419dd7125e6759a5a484d1cc22269df900a9e6b8100ba467cbdc,20.0,
G_PLUS_P,P_CAL,loso,sampled_date_station_year_mean,all_sampled_dates,nonindustrial_lower,primary_2024_2025,MAE,ng m-3,a_minus_b,-0.01611042255601161,-0.1242363269204088,0.10949634048104293,20,10,1,station,20260921,2000,670d7f6c2b4a419dd7125e6759a5a484d1cc22269df900a9e6b8100ba467cbdc,20.0,
G_PLUS_P,P_CAL,loso,sampled_date_station_year_mean,all_sampled_dates,nonindustrial_lower,primary_2024_2025,bias,ng m-3,a_minus_b,-0.08409249451338383,-0.17403817197135205,0.010143364603890606,20,10,1,station,20260921,2000,670d7f6c2b4a419dd7125e6759a5a484d1cc22269df900a9e6b8100ba467cbdc,20.0,
G_PLUS_P,G,loso,daily,all_expected_targets,all_network,primary_2024_2025,RMSE,ng m-3,a_minus_b,-0.2199118609621209,-0.7315503036920364,-0.011707722198415338,5089,21,1,station,20260921,2000,49422f1082065a9d47ebdfaf52caf564b1c3e1dad3fba927ae8da3a978f385a0,,
G_PLUS_P,G,loso,daily,all_expected_targets,all_network,primary_2024_2025,MAE,ng m-3,a_minus_b,-0.2706626524722243,-0.5227021475553267,-0.10188277668625516,5089,21,1,station,20260921,2000,49422f1082065a9d47ebdfaf52caf564b1c3e1dad3fba927ae8da3a978f385a0,,
G_PLUS_P,G,loso,daily,all_expected_targets,all_network,primary_2024_2025,bias,ng m-3,a_minus_b,-0.18496590473429947,-0.4613338982744877,0.026622663771098336,5089,21,1,station,20260921,2000,49422f1082065a9d47ebdfaf52caf564b1c3e1dad3fba927ae8da3a978f385a0,,
G_PLUS_P,G,loso,daily,all_expected_targets,nonindustrial,primary_2024_2025,RMSE,ng m-3,a_minus_b,-0.5245490685503125,-0.7874513025496155,-0.2746236212645369,4852,20,1,station,20260921,2000,5d1137882eec8537744050437f9ce1b569790644db3bdcfe69d5597e07b2e781,,
G_PLUS_P,G,loso,daily,all_expected_targets,nonindustrial,primary_2024_2025,MAE,ng m-3,a_minus_b,-0.2941388539408408,-0.5259528170108513,-0.11632483654300468,4852,20,1,station,20260921,2000,5d1137882eec8537744050437f9ce1b569790644db3bdcfe69d5597e07b2e781,,
G_PLUS_P,G,loso,daily,all_expected_targets,nonindustrial,primary_2024_2025,bias,ng m-3,a_minus_b,-0.16992061874341302,-0.4459326109879536,0.043366639822917344,4852,20,1,station,20260921,2000,5d1137882eec8537744050437f9ce1b569790644db3bdcfe69d5597e07b2e781,,
G_PLUS_P,G,loso,daily,all_expected_targets,nonindustrial_higher,primary_2024_2025,RMSE,ng m-3,a_minus_b,-0.4236832224777354,-0.5660701338526335,-0.2803961538885563,2394,10,1,station,20260921,2000,62f59d22b59dd9d7e2e072c7b3fe63144e2f3e8824a30706c4074510f362197d,,
G_PLUS_P,G,loso,daily,all_expected_targets,nonindustrial_higher,primary_2024_2025,MAE,ng m-3,a_minus_b,-0.21775025566649964,-0.29937175639886277,-0.14054985458236183,2394,10,1,station,20260921,2000,62f59d22b59dd9d7e2e072c7b3fe63144e2f3e8824a30706c4074510f362197d,,
G_PLUS_P,G,loso,daily,all_expected_targets,nonindustrial_higher,primary_2024_2025,bias,ng m-3,a_minus_b,0.033006916853634105,-0.17527519162559752,0.21044568581379855,2394,10,1,station,20260921,2000,62f59d22b59dd9d7e2e072c7b3fe63144e2f3e8824a30706c4074510f362197d,,
G_PLUS_P,G,loso,daily,all_expected_targets,nonindustrial_lower,primary_2024_2025,RMSE,ng m-3,a_minus_b,-0.679230127837665,-1.130008798037216,-0.13578639330717432,2458,10,1,station,20260921,2000,b29a851546d291a0d2f7dfae9c12846445d0e09a394514e7c02a871b374d99af,,
G_PLUS_P,G,loso,daily,all_expected_targets,nonindustrial_lower,primary_2024_2025,MAE,ng m-3,a_minus_b,-0.3685384895261839,-0.8111779606435618,-0.051325171467639895,2458,10,1,station,20260921,2000,b29a851546d291a0d2f7dfae9c12846445d0e09a394514e7c02a871b374d99af,,
G_PLUS_P,G,loso,daily,all_expected_targets,nonindustrial_lower,primary_2024_2025,bias,ng m-3,a_minus_b,-0.36756444308,-0.837205883701389,-0.01284844820186182,2458,10,1,station,20260921,2000,b29a851546d291a0d2f7dfae9c12846445d0e09a394514e7c02a871b374d99af,,
G_PLUS_P,G,loso,sampled_date_station_year_mean,all_sampled_dates,all_network,primary_2024_2025,RMSE,ng m-3,a_minus_b,-0.10683415542148134,-0.7218099798946733,0.12383303334351128,42,21,1,station,20260921,2000,a4b83f112a2a39d7bb39c1c70c56f5678dc7ac9449f27af54e02cbafaafd9a52,42.0,
G_PLUS_P,G,loso,sampled_date_station_year_mean,all_sampled_dates,all_network,primary_2024_2025,MAE,ng m-3,a_minus_b,-0.21944779485558008,-0.4734003831633522,-0.02412960047214338,42,21,1,station,20260921,2000,a4b83f112a2a39d7bb39c1c70c56f5678dc7ac9449f27af54e02cbafaafd9a52,42.0,
G_PLUS_P,G,loso,sampled_date_station_year_mean,all_sampled_dates,all_network,primary_2024_2025,bias,ng m-3,a_minus_b,-0.20913444013014879,-0.48344227209435753,0.017696800503103963,42,21,1,station,20260921,2000,a4b83f112a2a39d7bb39c1c70c56f5678dc7ac9449f27af54e02cbafaafd9a52,42.0,
G_PLUS_P,G,loso,sampled_date_station_year_mean,all_sampled_dates,nonindustrial,primary_2024_2025,RMSE,ng m-3,a_minus_b,-0.480868833470079,-0.784947251104741,-0.14317736597494457,40,20,1,station,20260921,2000,75f77a11b57c142012fafa94a0442f20d6ba5eff6db77fdddfbfa204481e78df,40.0,
G_PLUS_P,G,loso,sampled_date_station_year_mean,all_sampled_dates,nonindustrial,primary_2024_2025,MAE,ng m-3,a_minus_b,-0.25506905521020956,-0.48782170787361095,-0.06506156577952127,40,20,1,station,20260921,2000,75f77a11b57c142012fafa94a0442f20d6ba5eff6db77fdddfbfa204481e78df,40.0,
G_PLUS_P,G,loso,sampled_date_station_year_mean,all_sampled_dates,nonindustrial,primary_2024_2025,bias,ng m-3,a_minus_b,-0.19494229152480563,-0.47403477318121606,0.03386033239546557,40,20,1,station,20260921,2000,75f77a11b57c142012fafa94a0442f20d6ba5eff6db77fdddfbfa204481e78df,40.0,
G_PLUS_P,G,loso,sampled_date_station_year_mean,all_sampled_dates,nonindustrial_higher,primary_2024_2025,RMSE,ng m-3,a_minus_b,-0.20892982876299382,-0.31451905625756515,-0.08348082369478252,20,10,1,station,20260921,2000,54d313e95dc309aa2e8ef845fd41708208c653e62ac636636faccd8f7f1e8a69,20.0,
G_PLUS_P,G,loso,sampled_date_station_year_mean,all_sampled_dates,nonindustrial_higher,primary_2024_2025,MAE,ng m-3,a_minus_b,-0.16330975817555915,-0.2892887630615653,-0.047436818342762414,20,10,1,station,20260921,2000,54d313e95dc309aa2e8ef845fd41708208c653e62ac636636faccd8f7f1e8a69,20.0,
G_PLUS_P,G,loso,sampled_date_station_year_mean,all_sampled_dates,nonindustrial_higher,primary_2024_2025,bias,ng m-3,a_minus_b,0.011726430029242924,-0.22812994098136385,0.21492255070515984,20,10,1,station,20260921,2000,54d313e95dc309aa2e8ef845fd41708208c653e62ac636636faccd8f7f1e8a69,20.0,
G_PLUS_P,G,loso,sampled_date_station_year_mean,all_sampled_dates,nonindustrial_lower,primary_2024_2025,RMSE,ng m-3,a_minus_b,-0.6899587240381931,-1.1041467345606983,-0.13110709678025004,20,10,1,station,20260921,2000,670d7f6c2b4a419dd7125e6759a5a484d1cc22269df900a9e6b8100ba467cbdc,20.0,
G_PLUS_P,G,loso,sampled_date_station_year_mean,all_sampled_dates,nonindustrial_lower,primary_2024_2025,MAE,ng m-3,a_minus_b,-0.34682835224485975,-0.769837091653952,-0.014698866129244436,20,10,1,station,20260921,2000,670d7f6c2b4a419dd7125e6759a5a484d1cc22269df900a9e6b8100ba467cbdc,20.0,
G_PLUS_P,G,loso,sampled_date_station_year_mean,all_sampled_dates,nonindustrial_lower,primary_2024_2025,bias,ng m-3,a_minus_b,-0.40161101307885405,-0.84524785575915,-0.03548160761843186,20,10,1,station,20260921,2000,670d7f6c2b4a419dd7125e6759a5a484d1cc22269df900a9e6b8100ba467cbdc,20.0,
G_PLUS_P,HARMONIC,dispersed_mod9,daily,common_bracketable,all_network,primary_2024_2025,RMSE,ng m-3,a_minus_b,-0.464172200368127,-0.6663676752045467,-0.3617464776347591,5066,21,1,station,20260921,2000,1f7396fddbe1f06a63cffab833b0854bdf33f84b295f0c3534f07e9651d5a267,,
G_PLUS_P,HARMONIC,dispersed_mod9,daily,common_bracketable,all_network,primary_2024_2025,MAE,ng m-3,a_minus_b,-0.3052400703061859,-0.43225657582483884,-0.19052447501584865,5066,21,1,station,20260921,2000,1f7396fddbe1f06a63cffab833b0854bdf33f84b295f0c3534f07e9651d5a267,,
G_PLUS_P,HARMONIC,dispersed_mod9,daily,common_bracketable,all_network,primary_2024_2025,bias,ng m-3,a_minus_b,-0.08694193535810209,-0.20629528702948136,-0.010696814447230448,5066,21,1,station,20260921,2000,1f7396fddbe1f06a63cffab833b0854bdf33f84b295f0c3534f07e9651d5a267,,
G_PLUS_P,HARMONIC,dispersed_mod9,daily,common_bracketable,nonindustrial,primary_2024_2025,RMSE,ng m-3,a_minus_b,-0.5482856164570643,-0.6944739462961724,-0.3899734400426402,4830,20,1,station,20260921,2000,65ee804fd05f6dd37764a755c988da2c0e677a3a4efc91304bf32cf63ecb3775,,
G_PLUS_P,HARMONIC,dispersed_mod9,daily,common_bracketable,nonindustrial,primary_2024_2025,MAE,ng m-3,a_minus_b,-0.2610356456210092,-0.35511367104993274,-0.17497856591043628,4830,20,1,station,20260921,2000,65ee804fd05f6dd37764a755c988da2c0e677a3a4efc91304bf32cf63ecb3775,,
G_PLUS_P,HARMONIC,dispersed_mod9,daily,common_bracketable,nonindustrial,primary_2024_2025,bias,ng m-3,a_minus_b,-0.03552051454831918,-0.0745525949761869,-0.0022266156633517294,4830,20,1,station,20260921,2000,65ee804fd05f6dd37764a755c988da2c0e677a3a4efc91304bf32cf63ecb3775,,
G_PLUS_P,HARMONIC,dispersed_mod9,foldwise_sampled_mean_recovery,common_bracketable_replacements,all_network,primary_2024_2025,RMSE,ng m-3,a_minus_b,-0.00143228678918228,-0.02030291008640845,0.008426628256698189,378,21,1,station,20260921,2000,c558913d93016eab3c3970ab4e8280b575332b339b25456a6ef9b1d60763b854,42.0,378.0
G_PLUS_P,HARMONIC,dispersed_mod9,foldwise_sampled_mean_recovery,common_bracketable_replacements,all_network,primary_2024_2025,MAE,ng m-3,a_minus_b,-0.00897192927226034,-0.014449167812924012,-0.0037065923943311843,378,21,1,station,20260921,2000,c558913d93016eab3c3970ab4e8280b575332b339b25456a6ef9b1d60763b854,42.0,378.0
G_PLUS_P,HARMONIC,dispersed_mod9,foldwise_sampled_mean_recovery,common_bracketable_replacements,all_network,primary_2024_2025,bias,ng m-3,a_minus_b,-0.010188540073883158,-0.02330075743486796,-0.001432606991872529,378,21,1,station,20260921,2000,c558913d93016eab3c3970ab4e8280b575332b339b25456a6ef9b1d60763b854,42.0,378.0
G_PLUS_P,HARMONIC,dispersed_mod9,foldwise_sampled_mean_recovery,common_bracketable_replacements,nonindustrial,primary_2024_2025,RMSE,ng m-3,a_minus_b,-0.016191018080743483,-0.0215038269959224,-0.010184350734881125,360,20,1,station,20260921,2000,3e0ef5473342981884636471b6f5432f930a746d511ac18b3775e8a4f524d2af,40.0,360.0
G_PLUS_P,HARMONIC,dispersed_mod9,foldwise_sampled_mean_recovery,common_bracketable_replacements,nonindustrial,primary_2024_2025,MAE,ng m-3,a_minus_b,-0.010176954399423361,-0.01529994444334344,-0.005586191623768513,360,20,1,station,20260921,2000,3e0ef5473342981884636471b6f5432f930a746d511ac18b3775e8a4f524d2af,40.0,360.0
G_PLUS_P,HARMONIC,dispersed_mod9,foldwise_sampled_mean_recovery,common_bracketable_replacements,nonindustrial,primary_2024_2025,bias,ng m-3,a_minus_b,-0.004401400116786011,-0.00892478442808659,-0.0004183261229288157,360,20,1,station,20260921,2000,3e0ef5473342981884636471b6f5432f930a746d511ac18b3775e8a4f524d2af,40.0,360.0
G_PLUS_P,INTERP_LINEAR,dispersed_mod9,daily,common_bracketable,all_network,primary_2024_2025,RMSE,ng m-3,a_minus_b,-0.559238814130939,-0.7236715271828685,-0.43767995673820137,5066,21,1,station,20260921,2000,1f7396fddbe1f06a63cffab833b0854bdf33f84b295f0c3534f07e9651d5a267,,
G_PLUS_P,INTERP_LINEAR,dispersed_mod9,daily,common_bracketable,all_network,primary_2024_2025,MAE,ng m-3,a_minus_b,-0.29957358107045956,-0.4691130688475357,-0.17025241331091137,5066,21,1,station,20260921,2000,1f7396fddbe1f06a63cffab833b0854bdf33f84b295f0c3534f07e9651d5a267,,
G_PLUS_P,INTERP_LINEAR,dispersed_mod9,daily,common_bracketable,all_network,primary_2024_2025,bias,ng m-3,a_minus_b,-0.08973291297047445,-0.23105570286107208,-0.007372585918331139,5066,21,1,station,20260921,2000,1f7396fddbe1f06a63cffab833b0854bdf33f84b295f0c3534f07e9651d5a267,,
G_PLUS_P,INTERP_LINEAR,dispersed_mod9,daily,common_bracketable,nonindustrial,primary_2024_2025,RMSE,ng m-3,a_minus_b,-0.5653239421429826,-0.724775568340167,-0.4015668551155875,4830,20,1,station,20260921,2000,65ee804fd05f6dd37764a755c988da2c0e677a3a4efc91304bf32cf63ecb3775,,
G_PLUS_P,INTERP_LINEAR,dispersed_mod9,daily,common_bracketable,nonindustrial,primary_2024_2025,MAE,ng m-3,a_minus_b,-0.23201896167213498,-0.32432586177277817,-0.1530332569468856,4830,20,1,station,20260921,2000,65ee804fd05f6dd37764a755c988da2c0e677a3a4efc91304bf32cf63ecb3775,,
G_PLUS_P,INTERP_LINEAR,dispersed_mod9,daily,common_bracketable,nonindustrial,primary_2024_2025,bias,ng m-3,a_minus_b,-0.023593314677113505,-0.04688490881181795,-0.0029853726865732514,4830,20,1,station,20260921,2000,65ee804fd05f6dd37764a755c988da2c0e677a3a4efc91304bf32cf63ecb3775,,
G_PLUS_P,INTERP_LINEAR,dispersed_mod9,foldwise_sampled_mean_recovery,common_bracketable_replacements,all_network,primary_2024_2025,RMSE,ng m-3,a_minus_b,-0.008923483726249612,-0.019780940873993468,-0.0059757309106767,378,21,1,station,20260921,2000,c558913d93016eab3c3970ab4e8280b575332b339b25456a6ef9b1d60763b854,42.0,378.0
G_PLUS_P,INTERP_LINEAR,dispersed_mod9,foldwise_sampled_mean_recovery,common_bracketable_replacements,all_network,primary_2024_2025,MAE,ng m-3,a_minus_b,-0.010366343954099851,-0.015134307303463832,-0.005906612904022707,378,21,1,station,20260921,2000,c558913d93016eab3c3970ab4e8280b575332b339b25456a6ef9b1d60763b854,42.0,378.0
G_PLUS_P,INTERP_LINEAR,dispersed_mod9,foldwise_sampled_mean_recovery,common_bracketable_replacements,all_network,primary_2024_2025,bias,ng m-3,a_minus_b,-0.010390718206236396,-0.026154305260739013,-0.0011019738210166993,378,21,1,station,20260921,2000,c558913d93016eab3c3970ab4e8280b575332b339b25456a6ef9b1d60763b854,42.0,378.0
G_PLUS_P,INTERP_LINEAR,dispersed_mod9,foldwise_sampled_mean_recovery,common_bracketable_replacements,nonindustrial,primary_2024_2025,RMSE,ng m-3,a_minus_b,-0.015257163284269168,-0.021017269241912634,-0.009024282925403769,360,20,1,station,20260921,2000,3e0ef5473342981884636471b6f5432f930a746d511ac18b3775e8a4f524d2af,40.0,360.0
G_PLUS_P,INTERP_LINEAR,dispersed_mod9,foldwise_sampled_mean_recovery,common_bracketable_replacements,nonindustrial,primary_2024_2025,MAE,ng m-3,a_minus_b,-0.009441555228004099,-0.014234392808176635,-0.004981886953407561,360,20,1,station,20260921,2000,3e0ef5473342981884636471b6f5432f930a746d511ac18b3775e8a4f524d2af,40.0,360.0
G_PLUS_P,INTERP_LINEAR,dispersed_mod9,foldwise_sampled_mean_recovery,common_bracketable_replacements,nonindustrial,primary_2024_2025,bias,ng m-3,a_minus_b,-0.0029268107491316146,-0.005496452933536695,-0.0005769979380594553,360,20,1,station,20260921,2000,3e0ef5473342981884636471b6f5432f930a746d511ac18b3775e8a4f524d2af,40.0,360.0
G_PLUS_P,INTERP_LOGLINEAR,dispersed_mod9,daily,common_bracketable,all_network,primary_2024_2025,RMSE,ng m-3,a_minus_b,-0.5281899795317877,-0.6838141802921786,-0.41447028501283295,5066,21,1,station,20260921,2000,1f7396fddbe1f06a63cffab833b0854bdf33f84b295f0c3534f07e9651d5a267,,
G_PLUS_P,INTERP_LOGLINEAR,dispersed_mod9,daily,common_bracketable,all_network,primary_2024_2025,MAE,ng m-3,a_minus_b,-0.2758902562891227,-0.42503807515073194,-0.15964326328593278,5066,21,1,station,20260921,2000,1f7396fddbe1f06a63cffab833b0854bdf33f84b295f0c3534f07e9651d5a267,,
G_PLUS_P,INTERP_LOGLINEAR,dispersed_mod9,daily,common_bracketable,all_network,primary_2024_2025,bias,ng m-3,a_minus_b,0.025148766266216566,-0.03269461057078707,0.06852243050152902,5066,21,1,station,20260921,2000,1f7396fddbe1f06a63cffab833b0854bdf33f84b295f0c3534f07e9651d5a267,,
G_PLUS_P,INTERP_LOGLINEAR,dispersed_mod9,daily,common_bracketable,nonindustrial,primary_2024_2025,RMSE,ng m-3,a_minus_b,-0.5464450290090971,-0.6997923313343616,-0.3922216268372015,4830,20,1,station,20260921,2000,65ee804fd05f6dd37764a755c988da2c0e677a3a4efc91304bf32cf63ecb3775,,
G_PLUS_P,INTERP_LOGLINEAR,dispersed_mod9,daily,common_bracketable,nonindustrial,primary_2024_2025,MAE,ng m-3,a_minus_b,-0.2182044425301375,-0.3069697179725728,-0.1421865450119779,4830,20,1,station,20260921,2000,65ee804fd05f6dd37764a755c988da2c0e677a3a4efc91304bf32cf63ecb3775,,
G_PLUS_P,INTERP_LOGLINEAR,dispersed_mod9,daily,common_bracketable,nonindustrial,primary_2024_2025,bias,ng m-3,a_minus_b,0.04952272363875766,0.02702366215138249,0.07568304762586096,4830,20,1,station,20260921,2000,65ee804fd05f6dd37764a755c988da2c0e677a3a4efc91304bf32cf63ecb3775,,
G_PLUS_P,INTERP_LOGLINEAR,dispersed_mod9,foldwise_sampled_mean_recovery,common_bracketable_replacements,all_network,primary_2024_2025,RMSE,ng m-3,a_minus_b,-0.012097354594435589,-0.020366906343295754,-0.00953468143938161,378,21,1,station,20260921,2000,c558913d93016eab3c3970ab4e8280b575332b339b25456a6ef9b1d60763b854,42.0,378.0
G_PLUS_P,INTERP_LOGLINEAR,dispersed_mod9,foldwise_sampled_mean_recovery,common_bracketable_replacements,all_network,primary_2024_2025,MAE,ng m-3,a_minus_b,-0.009887776177502455,-0.014307016750576494,-0.005752442527475569,378,21,1,station,20260921,2000,c558913d93016eab3c3970ab4e8280b575332b339b25456a6ef9b1d60763b854,42.0,378.0
G_PLUS_P,INTERP_LOGLINEAR,dispersed_mod9,foldwise_sampled_mean_recovery,common_bracketable_replacements,all_network,primary_2024_2025,bias,ng m-3,a_minus_b,0.0025482287417118946,-0.0038568843583163355,0.007487525467209309,378,21,1,station,20260921,2000,c558913d93016eab3c3970ab4e8280b575332b339b25456a6ef9b1d60763b854,42.0,378.0
G_PLUS_P,INTERP_LOGLINEAR,dispersed_mod9,foldwise_sampled_mean_recovery,common_bracketable_replacements,nonindustrial,primary_2024_2025,RMSE,ng m-3,a_minus_b,-0.016131389538950144,-0.021558701092274344,-0.010021494243983815,360,20,1,station,20260921,2000,3e0ef5473342981884636471b6f5432f930a746d511ac18b3775e8a4f524d2af,40.0,360.0
G_PLUS_P,INTERP_LOGLINEAR,dispersed_mod9,foldwise_sampled_mean_recovery,common_bracketable_replacements,nonindustrial,primary_2024_2025,MAE,ng m-3,a_minus_b,-0.009298369427628392,-0.013938071189181696,-0.005115397279727529,360,20,1,station,20260921,2000,3e0ef5473342981884636471b6f5432f930a746d511ac18b3775e8a4f524d2af,40.0,360.0
G_PLUS_P,INTERP_LOGLINEAR,dispersed_mod9,foldwise_sampled_mean_recovery,common_bracketable_replacements,nonindustrial,primary_2024_2025,bias,ng m-3,a_minus_b,0.005292801797500259,0.0027866589632350764,0.008185098919960467,360,20,1,station,20260921,2000,3e0ef5473342981884636471b6f5432f930a746d511ac18b3775e8a4f524d2af,40.0,360.0
G_PLUS_P,M_AUX_INVERSE,dispersed_mod9,daily,common_bracketable,all_network,primary_2024_2025,RMSE,ng m-3,a_minus_b,-0.11157391763742774,-0.21526855855151006,0.025055604336904087,5066,21,1,station,20260921,2000,1f7396fddbe1f06a63cffab833b0854bdf33f84b295f0c3534f07e9651d5a267,,
G_PLUS_P,M_AUX_INVERSE,dispersed_mod9,daily,common_bracketable,all_network,primary_2024_2025,MAE,ng m-3,a_minus_b,-0.006996739331642299,-0.032457708786631095,0.013074963726383317,5066,21,1,station,20260921,2000,1f7396fddbe1f06a63cffab833b0854bdf33f84b295f0c3534f07e9651d5a267,,
G_PLUS_P,M_AUX_INVERSE,dispersed_mod9,daily,common_bracketable,all_network,primary_2024_2025,bias,ng m-3,a_minus_b,0.1044235095114686,0.03726562054664828,0.21368467036215963,5066,21,1,station,20260921,2000,1f7396fddbe1f06a63cffab833b0854bdf33f84b295f0c3534f07e9651d5a267,,
G_PLUS_P,M_AUX_INVERSE,dispersed_mod9,daily,common_bracketable,nonindustrial,primary_2024_2025,RMSE,ng m-3,a_minus_b,-0.0026822052424246845,-0.04303438423806055,0.03361942996332658,4830,20,1,station,20260921,2000,65ee804fd05f6dd37764a755c988da2c0e677a3a4efc91304bf32cf63ecb3775,,
G_PLUS_P,M_AUX_INVERSE,dispersed_mod9,daily,common_bracketable,nonindustrial,primary_2024_2025,MAE,ng m-3,a_minus_b,0.0036565193159212583,-0.010547840446584873,0.01657710680270946,4830,20,1,station,20260921,2000,65ee804fd05f6dd37764a755c988da2c0e677a3a4efc91304bf32cf63ecb3775,,
G_PLUS_P,M_AUX_INVERSE,dispersed_mod9,daily,common_bracketable,nonindustrial,primary_2024_2025,bias,ng m-3,a_minus_b,0.05724573201140787,0.030888550370277684,0.0897438418923908,4830,20,1,station,20260921,2000,65ee804fd05f6dd37764a755c988da2c0e677a3a4efc91304bf32cf63ecb3775,,
G_PLUS_P,M_AUX_INVERSE,dispersed_mod9,foldwise_sampled_mean_recovery,common_bracketable_replacements,all_network,primary_2024_2025,RMSE,ng m-3,a_minus_b,-0.018764695224776515,-0.03284222200357346,-0.0003438826846652348,378,21,1,station,20260921,2000,c558913d93016eab3c3970ab4e8280b575332b339b25456a6ef9b1d60763b854,42.0,378.0
G_PLUS_P,M_AUX_INVERSE,dispersed_mod9,foldwise_sampled_mean_recovery,common_bracketable_replacements,all_network,primary_2024_2025,MAE,ng m-3,a_minus_b,-0.00502553032227469,-0.013608510474333998,0.00036284755429921505,378,21,1,station,20260921,2000,c558913d93016eab3c3970ab4e8280b575332b339b25456a6ef9b1d60763b854,42.0,378.0
G_PLUS_P,M_AUX_INVERSE,dispersed_mod9,foldwise_sampled_mean_recovery,common_bracketable_replacements,all_network,primary_2024_2025,bias,ng m-3,a_minus_b,0.011955804183054801,0.00423073101784257,0.02413076204588339,378,21,1,station,20260921,2000,c558913d93016eab3c3970ab4e8280b575332b339b25456a6ef9b1d60763b854,42.0,378.0
G_PLUS_P,M_AUX_INVERSE,dispersed_mod9,foldwise_sampled_mean_recovery,common_bracketable_replacements,nonindustrial,primary_2024_2025,RMSE,ng m-3,a_minus_b,-0.0030457887618805385,-0.006928030975327887,0.00018051557632383784,360,20,1,station,20260921,2000,3e0ef5473342981884636471b6f5432f930a746d511ac18b3775e8a4f524d2af,40.0,360.0
G_PLUS_P,M_AUX_INVERSE,dispersed_mod9,foldwise_sampled_mean_recovery,common_bracketable_replacements,nonindustrial,primary_2024_2025,MAE,ng m-3,a_minus_b,-0.0011006347654129028,-0.0034386207761403173,0.0006284079303606005,360,20,1,station,20260921,2000,3e0ef5473342981884636471b6f5432f930a746d511ac18b3775e8a4f524d2af,40.0,360.0
G_PLUS_P,M_AUX_INVERSE,dispersed_mod9,foldwise_sampled_mean_recovery,common_bracketable_replacements,nonindustrial,primary_2024_2025,bias,ng m-3,a_minus_b,0.006630957356639642,0.003546622782463822,0.010428901396583517,360,20,1,station,20260921,2000,3e0ef5473342981884636471b6f5432f930a746d511ac18b3775e8a4f524d2af,40.0,360.0
G_PLUS_P,M_AUX_UNIFORM,dispersed_mod9,daily,common_bracketable,all_network,primary_2024_2025,RMSE,ng m-3,a_minus_b,-0.0009935844688899742,-0.013322835000027861,0.026373317672195414,5066,21,1,station,20260921,2000,1f7396fddbe1f06a63cffab833b0854bdf33f84b295f0c3534f07e9651d5a267,,
G_PLUS_P,M_AUX_UNIFORM,dispersed_mod9,daily,common_bracketable,all_network,primary_2024_2025,MAE,ng m-3,a_minus_b,0.0034961975948026303,-0.0047560756024798935,0.011554729972558285,5066,21,1,station,20260921,2000,1f7396fddbe1f06a63cffab833b0854bdf33f84b295f0c3534f07e9651d5a267,,
G_PLUS_P,M_AUX_UNIFORM,dispersed_mod9,daily,common_bracketable,all_network,primary_2024_2025,bias,ng m-3,a_minus_b,0.002662807233345832,-0.015651119064839177,0.022729731639796216,5066,21,1,station,20260921,2000,1f7396fddbe1f06a63cffab833b0854bdf33f84b295f0c3534f07e9651d5a267,,
G_PLUS_P,M_AUX_UNIFORM,dispersed_mod9,daily,common_bracketable,nonindustrial,primary_2024_2025,RMSE,ng m-3,a_minus_b,0.011466430963946617,-0.009742850854939164,0.030184509591114524,4830,20,1,station,20260921,2000,65ee804fd05f6dd37764a755c988da2c0e677a3a4efc91304bf32cf63ecb3775,,
G_PLUS_P,M_AUX_UNIFORM,dispersed_mod9,daily,common_bracketable,nonindustrial,primary_2024_2025,MAE,ng m-3,a_minus_b,0.001997060547674845,-0.005440551638811533,0.00968695657634592,4830,20,1,station,20260921,2000,65ee804fd05f6dd37764a755c988da2c0e677a3a4efc91304bf32cf63ecb3775,,
G_PLUS_P,M_AUX_UNIFORM,dispersed_mod9,daily,common_bracketable,nonindustrial,primary_2024_2025,bias,ng m-3,a_minus_b,0.002721103212035194,-0.017440526441798013,0.022400849332209177,4830,20,1,station,20260921,2000,65ee804fd05f6dd37764a755c988da2c0e677a3a4efc91304bf32cf63ecb3775,,
G_PLUS_P,M_AUX_UNIFORM,dispersed_mod9,foldwise_sampled_mean_recovery,common_bracketable_replacements,all_network,primary_2024_2025,RMSE,ng m-3,a_minus_b,-0.0011593388723495496,-0.002353785393753663,0.0012705955934440285,378,21,1,station,20260921,2000,c558913d93016eab3c3970ab4e8280b575332b339b25456a6ef9b1d60763b854,42.0,378.0
G_PLUS_P,M_AUX_UNIFORM,dispersed_mod9,foldwise_sampled_mean_recovery,common_bracketable_replacements,all_network,primary_2024_2025,MAE,ng m-3,a_minus_b,0.0004097876103921136,-0.0006090144747091944,0.0013340206972877735,378,21,1,station,20260921,2000,c558913d93016eab3c3970ab4e8280b575332b339b25456a6ef9b1d60763b854,42.0,378.0
G_PLUS_P,M_AUX_UNIFORM,dispersed_mod9,foldwise_sampled_mean_recovery,common_bracketable_replacements,all_network,primary_2024_2025,bias,ng m-3,a_minus_b,0.0003541131917437247,-0.001638430996050858,0.00249563575259407,378,21,1,station,20260921,2000,c558913d93016eab3c3970ab4e8280b575332b339b25456a6ef9b1d60763b854,42.0,378.0
G_PLUS_P,M_AUX_UNIFORM,dispersed_mod9,foldwise_sampled_mean_recovery,common_bracketable_replacements,nonindustrial,primary_2024_2025,RMSE,ng m-3,a_minus_b,0.0003520726487452816,-0.001133559744759925,0.0015287987285481867,360,20,1,station,20260921,2000,3e0ef5473342981884636471b6f5432f930a746d511ac18b3775e8a4f524d2af,40.0,360.0
G_PLUS_P,M_AUX_UNIFORM,dispersed_mod9,foldwise_sampled_mean_recovery,common_bracketable_replacements,nonindustrial,primary_2024_2025,MAE,ng m-3,a_minus_b,0.000527715005924221,-0.0005085137175222545,0.0014139611057297251,360,20,1,station,20260921,2000,3e0ef5473342981884636471b6f5432f930a746d511ac18b3775e8a4f524d2af,40.0,360.0
G_PLUS_P,M_AUX_UNIFORM,dispersed_mod9,foldwise_sampled_mean_recovery,common_bracketable_replacements,nonindustrial,primary_2024_2025,bias,ng m-3,a_minus_b,0.0003640251731017101,-0.0018451273483027597,0.0024957108886474273,360,20,1,station,20260921,2000,3e0ef5473342981884636471b6f5432f930a746d511ac18b3775e8a4f524d2af,40.0,360.0
G_PLUS_P,PM_RIDGE,dispersed_mod9,daily,common_bracketable,all_network,primary_2024_2025,RMSE,ng m-3,a_minus_b,-0.3637895309680168,-0.49942741063355867,-0.23147124167428068,5066,21,1,station,20260921,2000,1f7396fddbe1f06a63cffab833b0854bdf33f84b295f0c3534f07e9651d5a267,,
G_PLUS_P,PM_RIDGE,dispersed_mod9,daily,common_bracketable,all_network,primary_2024_2025,MAE,ng m-3,a_minus_b,-0.2085087385442243,-0.29811107271775344,-0.13718129449263017,5066,21,1,station,20260921,2000,1f7396fddbe1f06a63cffab833b0854bdf33f84b295f0c3534f07e9651d5a267,,
G_PLUS_P,PM_RIDGE,dispersed_mod9,daily,common_bracketable,all_network,primary_2024_2025,bias,ng m-3,a_minus_b,0.08957459434002289,0.0007690048695222197,0.18866061189725375,5066,21,1,station,20260921,2000,1f7396fddbe1f06a63cffab833b0854bdf33f84b295f0c3534f07e9651d5a267,,
G_PLUS_P,PM_RIDGE,dispersed_mod9,daily,common_bracketable,nonindustrial,primary_2024_2025,RMSE,ng m-3,a_minus_b,-0.309876477145984,-0.40491665303783086,-0.20504419965384324,4830,20,1,station,20260921,2000,65ee804fd05f6dd37764a755c988da2c0e677a3a4efc91304bf32cf63ecb3775,,
G_PLUS_P,PM_RIDGE,dispersed_mod9,daily,common_bracketable,nonindustrial,primary_2024_2025,MAE,ng m-3,a_minus_b,-0.1725282200121585,-0.22548161129611816,-0.12710421444840872,4830,20,1,station,20260921,2000,65ee804fd05f6dd37764a755c988da2c0e677a3a4efc91304bf32cf63ecb3775,,
G_PLUS_P,PM_RIDGE,dispersed_mod9,daily,common_bracketable,nonindustrial,primary_2024_2025,bias,ng m-3,a_minus_b,0.10165316819366921,0.015644682752715758,0.20204480166458816,4830,20,1,station,20260921,2000,65ee804fd05f6dd37764a755c988da2c0e677a3a4efc91304bf32cf63ecb3775,,
G_PLUS_P,PM_RIDGE,dispersed_mod9,foldwise_sampled_mean_recovery,common_bracketable_replacements,all_network,primary_2024_2025,RMSE,ng m-3,a_minus_b,-0.013056094079398076,-0.025686002988691902,-0.00921153837065517,378,21,1,station,20260921,2000,c558913d93016eab3c3970ab4e8280b575332b339b25456a6ef9b1d60763b854,42.0,378.0
G_PLUS_P,PM_RIDGE,dispersed_mod9,foldwise_sampled_mean_recovery,common_bracketable_replacements,all_network,primary_2024_2025,MAE,ng m-3,a_minus_b,-0.013497305599700488,-0.019220451460544002,-0.008460973326468967,378,21,1,station,20260921,2000,c558913d93016eab3c3970ab4e8280b575332b339b25456a6ef9b1d60763b854,42.0,378.0
G_PLUS_P,PM_RIDGE,dispersed_mod9,foldwise_sampled_mean_recovery,common_bracketable_replacements,all_network,primary_2024_2025,bias,ng m-3,a_minus_b,0.010250550105665602,0.0001501174181443899,0.021562959652864807,378,21,1,station,20260921,2000,c558913d93016eab3c3970ab4e8280b575332b339b25456a6ef9b1d60763b854,42.0,378.0
G_PLUS_P,PM_RIDGE,dispersed_mod9,foldwise_sampled_mean_recovery,common_bracketable_replacements,nonindustrial,primary_2024_2025,RMSE,ng m-3,a_minus_b,-0.019587166975579044,-0.027730868069930508,-0.011350065078576879,360,20,1,station,20260921,2000,3e0ef5473342981884636471b6f5432f930a746d511ac18b3775e8a4f524d2af,40.0,360.0
G_PLUS_P,PM_RIDGE,dispersed_mod9,foldwise_sampled_mean_recovery,common_bracketable_replacements,nonindustrial,primary_2024_2025,MAE,ng m-3,a_minus_b,-0.013070751131667065,-0.019244618913701515,-0.007851808172993606,360,20,1,station,20260921,2000,3e0ef5473342981884636471b6f5432f930a746d511ac18b3775e8a4f524d2af,40.0,360.0
G_PLUS_P,PM_RIDGE,dispersed_mod9,foldwise_sampled_mean_recovery,common_bracketable_replacements,nonindustrial,primary_2024_2025,bias,ng m-3,a_minus_b,0.011628590200486493,0.0016496161072050602,0.023141752717443016,360,20,1,station,20260921,2000,3e0ef5473342981884636471b6f5432f930a746d511ac18b3775e8a4f524d2af,40.0,360.0
