method,protocol,estimand,support,period,scope,n,n_stations,RMSE,MAE,bias,agreement_R2,n_station_years,n_reconstructions
G,loso,daily,all_expected_targets,primary_2024_2025,all_network,5089,21,2.123040180239805,0.9180621223917272,-0.05998013967763808,0.2999512726413588,,
G,loso,daily,all_expected_targets,primary_2024_2025,nonindustrial,4852,20,1.356566162511632,0.7161567607206306,0.1681846250238046,0.5168220992459408,,
G,loso,daily,all_expected_targets,primary_2024_2025,industrial_descriptive,237,1,7.688187320364736,5.051584547827004,-4.731100132637131,-0.5799538752824254,,
G,loso,daily,all_expected_targets,primary_2024_2025,nonindustrial_higher,2394,10,1.4564321325441174,0.7614722720837929,-0.18279033425756058,0.6666163799223772,,
G,loso,daily,all_expected_targets,primary_2024_2025,nonindustrial_lower,2458,10,1.251664275007444,0.6720211487582994,0.5100210987909276,-1.8529883867998849,,
G,loso,sampled_date_station_year_mean,all_sampled_dates,primary_2024_2025,all_network,42,21,1.2858912537165412,0.7065719114186197,-0.0594192936637937,-0.004443043690474102,42.0,
G,loso,sampled_date_station_year_mean,all_sampled_dates,primary_2024_2025,nonindustrial,40,20,0.7831179029825593,0.505291758859555,0.17421848978301238,-0.030798621079494826,40.0,
G,loso,sampled_date_station_year_mean,all_sampled_dates,primary_2024_2025,industrial_descriptive,2,1,4.739026233799792,4.732174962599915,-4.732174962599915,-502.7224005847657,2.0,
G,loso,sampled_date_station_year_mean,all_sampled_dates,primary_2024_2025,nonindustrial_higher,20,10,0.5294757084899059,0.44982652742328755,-0.18941314928047587,0.14850993579140237,20.0,
G,loso,sampled_date_station_year_mean,all_sampled_dates,primary_2024_2025,nonindustrial_lower,20,10,0.97272954826237,0.5607569902958223,0.5378501288465005,-19.248382746820102,20.0,
G_PLUS_P,loso,daily,all_expected_targets,primary_2024_2025,all_network,5089,21,1.903128319277684,0.6473994699195029,-0.24494604441193754,0.4374670231926352,,
G_PLUS_P,loso,daily,all_expected_targets,primary_2024_2025,nonindustrial,4852,20,0.8320170939613196,0.4220179067797898,-0.0017359937196084134,0.8182436466786748,,
G_PLUS_P,loso,daily,all_expected_targets,primary_2024_2025,industrial_descriptive,237,1,7.974915050627352,5.261540163395823,-5.224081765758692,-0.69999884854878,,
G_PLUS_P,loso,daily,all_expected_targets,primary_2024_2025,nonindustrial_higher,2394,10,1.032748910066382,0.5437220164172932,-0.14978341740392648,0.8323694211333379,,
G_PLUS_P,loso,daily,all_expected_targets,primary_2024_2025,nonindustrial_lower,2458,10,0.572434147169779,0.30348265923211554,0.1424566557109276,0.40327345775996404,,
G_PLUS_P,loso,sampled_date_station_year_mean,all_sampled_dates,primary_2024_2025,all_network,42,21,1.17905709829506,0.48712411656303967,-0.2685537337939425,0.1555255679583678,42.0,
G_PLUS_P,loso,sampled_date_station_year_mean,all_sampled_dates,primary_2024_2025,nonindustrial,40,20,0.3022490695124803,0.25022270364934546,-0.020723801741793266,0.8464501244174628,40.0,
G_PLUS_P,loso,sampled_date_station_year_mean,all_sampled_dates,primary_2024_2025,industrial_descriptive,2,1,5.231309440418918,5.2251523748369255,-5.2251523748369255,-612.8098575696151,2.0,
G_PLUS_P,loso,sampled_date_station_year_mean,all_sampled_dates,primary_2024_2025,nonindustrial_higher,20,10,0.32054587972691206,0.2865167692477284,-0.17768671925123294,0.6879185881164518,20.0,
G_PLUS_P,loso,sampled_date_station_year_mean,all_sampled_dates,primary_2024_2025,nonindustrial_lower,20,10,0.2827708242241769,0.21392863805096254,0.13623911576764644,-0.7110997191008954,20.0,
P_CAL,loso,daily,all_expected_targets,primary_2024_2025,all_network,5089,21,1.934215421083925,0.711972571817076,-0.26629151187602673,0.4189392688990413,,
P_CAL,loso,daily,all_expected_targets,primary_2024_2025,nonindustrial,4852,20,1.003518825476733,0.5042239649303587,-0.04282993274157048,0.7355910505739853,,
P_CAL,loso,daily,all_expected_targets,primary_2024_2025,industrial_descriptive,237,1,7.727616529426241,4.965121266392405,-4.841125191033754,-0.5962011579775599,,
P_CAL,loso,daily,all_expected_targets,primary_2024_2025,nonindustrial_higher,2394,10,1.2172210897041091,0.6438138370346701,-0.31817899095781127,0.7671358189568895,,
P_CAL,loso,daily,all_expected_targets,primary_2024_2025,nonindustrial_lower,2458,10,0.7381257708943991,0.36826865418270954,0.2253497439751424,0.007832430507480947,,
P_CAL,loso,sampled_date_station_year_mean,all_sampled_dates,primary_2024_2025,all_network,42,21,1.1262868723974622,0.5194696644018831,-0.28047217764313565,0.22942507097995957,42.0,
P_CAL,loso,sampled_date_station_year_mean,all_sampled_dates,primary_2024_2025,nonindustrial,40,20,0.3964394626452029,0.30333969183862375,-0.0523923307419389,0.735836213316569,40.0,
P_CAL,loso,sampled_date_station_year_mean,all_sampled_dates,primary_2024_2025,industrial_descriptive,2,1,4.847234216208626,4.84206911566707,-4.84206911566707,-525.9883919423113,2.0,
P_CAL,loso,sampled_date_station_year_mean,all_sampled_dates,primary_2024_2025,nonindustrial_higher,20,10,0.46930342719242896,0.3766403230702733,-0.325116271764908,0.3310480009771334,20.0,
P_CAL,loso,sampled_date_station_year_mean,all_sampled_dates,primary_2024_2025,nonindustrial_lower,20,10,0.306729177468129,0.23003906060697416,0.22033161028103027,-1.0133362106040864,20.0,
G_PLUS_P,dispersed_mod9,daily,common_bracketable,primary_2024_2025,all_network,5066,21,1.3467803148997524,0.452035349653711,-0.0850560805206672,0.7171739860388285,,
G_PLUS_P,dispersed_mod9,daily,common_bracketable,primary_2024_2025,nonindustrial,4830,20,0.7022361539551948,0.31530030670304343,-0.019850476618571426,0.8694269569637029,,
G_PLUS_P,dispersed_mod9,daily,common_bracketable,primary_2024_2025,industrial_descriptive,236,1,5.3705699104206355,3.250468643940678,-1.4195606010593222,0.23173535043664306,,
G_PLUS_P,dispersed_mod9,foldwise_sampled_mean_recovery,common_bracketable_replacements,primary_2024_2025,all_network,378,21,0.06298360893567835,0.0247722169868517,-0.009853585298829255,0.9975902504132692,42.0,378.0
G_PLUS_P,dispersed_mod9,foldwise_sampled_mean_recovery,common_bracketable_replacements,primary_2024_2025,nonindustrial,360,20,0.023368149380382883,0.015778353031333077,-0.0024947004715533206,0.9990821574985483,40.0,360.0
G_PLUS_P,dispersed_mod9,foldwise_sampled_mean_recovery,common_bracketable_replacements,primary_2024_2025,industrial_descriptive,18,1,0.26904316898322084,0.20464949609722424,-0.15703128184434792,-0.6235175149967092,2.0,18.0
HARMONIC,dispersed_mod9,daily,common_bracketable,primary_2024_2025,all_network,5066,21,1.8109525152678796,0.7572754199598968,0.0018858548374349026,0.48862445106284447,,
HARMONIC,dispersed_mod9,daily,common_bracketable,primary_2024_2025,nonindustrial,4830,20,1.250521770412259,0.5763359523240527,0.015670037929747742,0.585933906261167,,
HARMONIC,dispersed_mod9,daily,common_bracketable,primary_2024_2025,industrial_descriptive,236,1,6.196301044258838,4.46040096521891,-0.2802226381111715,-0.022669069249338758,,
HARMONIC,dispersed_mod9,foldwise_sampled_mean_recovery,common_bracketable_replacements,primary_2024_2025,all_network,378,21,0.06441589572486063,0.03374414625911204,0.00033495477505390397,0.9974794058092495,42.0,378.0
HARMONIC,dispersed_mod9,foldwise_sampled_mean_recovery,common_bracketable_replacements,primary_2024_2025,nonindustrial,360,20,0.039559167461126366,0.025955307430756438,0.0019066996452326904,0.9973696483674598,40.0,360.0
HARMONIC,dispersed_mod9,foldwise_sampled_mean_recovery,common_bracketable_replacements,primary_2024_2025,industrial_descriptive,18,1,0.2363027834334791,0.18952092282622404,-0.03109994262852182,-0.25242207341108824,2.0,18.0
INTERP_LINEAR,dispersed_mod9,daily,common_bracketable,primary_2024_2025,all_network,5066,21,1.9060191290306914,0.7516089307241706,0.004676832449807254,0.43352552859870297,,
INTERP_LINEAR,dispersed_mod9,daily,common_bracketable,primary_2024_2025,nonindustrial,4830,20,1.2675600960981774,0.5473192683751783,0.003742838058542069,0.5745737601623045,,
INTERP_LINEAR,dispersed_mod9,daily,common_bracketable,primary_2024_2025,industrial_descriptive,236,1,6.71575243626757,4.9326219355785454,0.023792056643921117,-0.20132207701422655,,
INTERP_LINEAR,dispersed_mod9,foldwise_sampled_mean_recovery,common_bracketable_replacements,primary_2024_2025,all_network,378,21,0.07190709266192796,0.03513856094095155,0.0005371329074071425,0.9968590553002022,42.0,378.0
INTERP_LINEAR,dispersed_mod9,foldwise_sampled_mean_recovery,common_bracketable_replacements,primary_2024_2025,nonindustrial,360,20,0.03862531266465205,0.025219908259337176,0.00043211027757829404,0.9974923695214086,40.0,360.0
INTERP_LINEAR,dispersed_mod9,foldwise_sampled_mean_recovery,common_bracketable_replacements,primary_2024_2025,industrial_descriptive,18,1,0.28061527739606473,0.233511614573239,0.0026375855039841114,-0.7661828427302602,2.0,18.0
INTERP_LOGLINEAR,dispersed_mod9,daily,common_bracketable,primary_2024_2025,all_network,5066,21,1.87497029443154,0.7279256059428338,-0.11020484678688376,0.4518308179963243,,
INTERP_LOGLINEAR,dispersed_mod9,daily,common_bracketable,primary_2024_2025,nonindustrial,4830,20,1.2486811829642919,0.5335047492331808,-0.06937320025732911,0.5871519002280415,,
INTERP_LOGLINEAR,dispersed_mod9,daily,common_bracketable,primary_2024_2025,industrial_descriptive,236,1,6.599509880981647,4.706962630975137,-0.945869477031583,-0.16009476913097176,,
INTERP_LOGLINEAR,dispersed_mod9,foldwise_sampled_mean_recovery,common_bracketable_replacements,primary_2024_2025,all_network,378,21,0.07508096353011394,0.034659993164354155,-0.01240181404054115,0.9965756629450448,42.0,378.0
INTERP_LOGLINEAR,dispersed_mod9,foldwise_sampled_mean_recovery,common_bracketable_replacements,primary_2024_2025,nonindustrial,360,20,0.03949953891933303,0.02507672245896147,-0.00778750226905358,0.9973775719833904,40.0,360.0
INTERP_LOGLINEAR,dispersed_mod9,foldwise_sampled_mean_recovery,common_bracketable_replacements,primary_2024_2025,industrial_descriptive,18,1,0.2952556541033858,0.22632540727220793,-0.10468804947029255,-0.955282371816623,2.0,18.0
M_AUX_INVERSE,dispersed_mod9,daily,common_bracketable,primary_2024_2025,all_network,5066,21,1.45835423253718,0.4590320889853533,-0.1894795900321358,0.6683714700596468,,
M_AUX_INVERSE,dispersed_mod9,daily,common_bracketable,primary_2024_2025,nonindustrial,4830,20,0.7049183591976195,0.3116437873871222,-0.0770962086299793,0.8684275992922383,,
M_AUX_INVERSE,dispersed_mod9,daily,common_bracketable,primary_2024_2025,industrial_descriptive,236,1,5.956864421034292,3.4754960581355934,-2.4895293026271186,0.05483956627638731,,
M_AUX_INVERSE,dispersed_mod9,foldwise_sampled_mean_recovery,common_bracketable_replacements,primary_2024_2025,all_network,378,21,0.08174830416045487,0.02979774730912639,-0.021809389481884055,0.9959404832759369,42.0,378.0
M_AUX_INVERSE,dispersed_mod9,foldwise_sampled_mean_recovery,common_bracketable_replacements,primary_2024_2025,nonindustrial,360,20,0.02641393814226342,0.01687898779674598,-0.009125657828192963,0.9988273029390763,40.0,360.0
M_AUX_INVERSE,dispersed_mod9,foldwise_sampled_mean_recovery,common_bracketable_replacements,primary_2024_2025,industrial_descriptive,18,1,0.3555060721445538,0.28817293755673457,-0.275484022555706,-1.8346998762820501,2.0,18.0
M_AUX_UNIFORM,dispersed_mod9,daily,common_bracketable,primary_2024_2025,all_network,5066,21,1.3477738993686423,0.4485391520589084,-0.08771888775401304,0.7167565234584697,,
M_AUX_UNIFORM,dispersed_mod9,daily,common_bracketable,primary_2024_2025,nonindustrial,4830,20,0.6907697229912482,0.3133032461553686,-0.02257157983060663,0.8736562557233126,,
M_AUX_UNIFORM,dispersed_mod9,daily,common_bracketable,primary_2024_2025,industrial_descriptive,236,1,5.406236465352339,3.216290955084746,-1.4210303168644065,0.22149720383058147,,
M_AUX_UNIFORM,dispersed_mod9,foldwise_sampled_mean_recovery,common_bracketable_replacements,primary_2024_2025,all_network,378,21,0.0641429478080279,0.024362429376459587,-0.01020769849057298,0.9975007214588155,42.0,378.0
M_AUX_UNIFORM,dispersed_mod9,foldwise_sampled_mean_recovery,common_bracketable_replacements,primary_2024_2025,nonindustrial,360,20,0.0230160767316376,0.015250638025408856,-0.0028587256446550306,0.9991096062204097,40.0,360.0
M_AUX_UNIFORM,dispersed_mod9,foldwise_sampled_mean_recovery,common_bracketable_replacements,primary_2024_2025,industrial_descriptive,18,1,0.2753286709756879,0.20659825639747423,-0.15718715540893197,-0.700262261950509,2.0,18.0
PM_RIDGE,dispersed_mod9,daily,common_bracketable,primary_2024_2025,all_network,5066,21,1.7105698458677694,0.6605440881979353,-0.1746306748606901,0.5437451890770746,,
PM_RIDGE,dispersed_mod9,daily,common_bracketable,primary_2024_2025,nonindustrial,4830,20,1.012112631101179,0.48782852671520194,-0.12150364481224064,0.7287655524067905,,
PM_RIDGE,dispersed_mod9,daily,common_bracketable,primary_2024_2025,industrial_descriptive,236,1,6.46884599940053,4.195358333797944,-1.2619338745810749,-0.11461203017067811,,
PM_RIDGE,dispersed_mod9,foldwise_sampled_mean_recovery,common_bracketable_replacements,primary_2024_2025,all_network,378,21,0.07603970301507643,0.03826952258655219,-0.020104135404494856,0.9964876510636326,42.0,378.0
PM_RIDGE,dispersed_mod9,foldwise_sampled_mean_recovery,common_bracketable_replacements,primary_2024_2025,nonindustrial,360,20,0.04295531635596193,0.02884910416300014,-0.014123290672039813,0.996898631528584,40.0,360.0
PM_RIDGE,dispersed_mod9,foldwise_sampled_mean_recovery,common_bracketable_replacements,primary_2024_2025,industrial_descriptive,18,1,0.2907225155749483,0.22667789105759312,-0.1397210300535957,-0.8957033365616185,2.0,18.0
