eoi,year,observed,prediction,n,n_sampled,stratum,method,protocol
SK0002A,2024,0.48551416666666664,0.4609460071333333,120,120,lower,FULL_ID|log1p|uniform|permissive|2km_exact,block30
SK0002A,2025,0.3338931297709924,0.39440355316793896,131,131,lower,FULL_ID|log1p|uniform|permissive|2km_exact,block30
SK0004R,2024,0.2383132530120482,0.23066161400000001,166,166,lower,FULL_ID|log1p|uniform|permissive|2km_exact,block30
SK0004R,2025,0.23638787878787879,0.26605735161515154,165,165,lower,FULL_ID|log1p|uniform|permissive|2km_exact,block30
SK0006R,2024,0.2191146551724138,0.24415877692241378,116,116,lower,FULL_ID|log1p|uniform|permissive|2km_exact,block30
SK0006R,2025,0.30306722689075627,0.2426621378907563,119,119,lower,FULL_ID|log1p|uniform|permissive|2km_exact,block30
SK0008A,2024,1.7399993589743592,1.7627750077884616,156,156,higher,FULL_ID|log1p|uniform|permissive|2km_exact,block30
SK0008A,2025,1.419208,1.40688445912,125,125,higher,FULL_ID|log1p|uniform|permissive|2km_exact,block30
SK0018A,2024,6.173277118644068,4.950707317966102,118,118,higher,FULL_ID|log1p|uniform|permissive|2km_exact,block30
SK0018A,2025,5.750974789915967,4.497580378739496,119,119,higher,FULL_ID|log1p|uniform|permissive|2km_exact,block30
SK0020A,2024,1.3145647540983607,1.3706332024590164,122,122,higher,FULL_ID|log1p|uniform|permissive|2km_exact,block30
SK0020A,2025,1.554148514851485,1.4001845968415843,101,101,higher,FULL_ID|log1p|uniform|permissive|2km_exact,block30
SK0025A,2024,3.4843,3.4848974743305785,121,121,higher,FULL_ID|log1p|uniform|permissive|2km_exact,block30
SK0025A,2025,2.374333333333333,2.169763253605263,114,114,higher,FULL_ID|log1p|uniform|permissive|2km_exact,block30
SK0039A,2024,1.0412450381679388,1.0434028720458015,131,131,higher,FULL_ID|log1p|uniform|permissive|2km_exact,block30
SK0039A,2025,1.1465474860335196,1.1304797235921786,179,179,higher,FULL_ID|log1p|uniform|permissive|2km_exact,block30
SK0045A,2024,0.5517336538461538,0.4890255042788461,104,104,lower,FULL_ID|log1p|uniform|permissive|2km_exact,block30
SK0045A,2025,0.4586486486486486,0.5009460095,74,74,lower,FULL_ID|log1p|uniform|permissive|2km_exact,block30
SK0048A,2024,0.19027164179104478,0.18506251249179106,134,134,lower,FULL_ID|log1p|uniform|permissive|2km_exact,block30
SK0048A,2025,0.19674789915966387,0.261638804492437,119,119,lower,FULL_ID|log1p|uniform|permissive|2km_exact,block30
SK0050A,2024,0.9373400000000001,0.9904514303151516,165,165,lower,FULL_ID|log1p|uniform|permissive|2km_exact,block30
SK0050A,2025,0.855475,0.8410052609416667,120,120,lower,FULL_ID|log1p|uniform|permissive|2km_exact,block30
SK0061A,2024,0.3596550458715596,0.34713614789908254,109,109,lower,FULL_ID|log1p|uniform|permissive|2km_exact,block30
SK0061A,2025,0.28588617886178863,0.3759980534552846,123,123,lower,FULL_ID|log1p|uniform|permissive|2km_exact,block30
SK0066A,2024,1.408934328358209,1.4941358518283583,134,134,higher,FULL_ID|log1p|uniform|permissive|2km_exact,block30
SK0066A,2025,1.2047874015748032,1.1110054695984253,127,127,higher,FULL_ID|log1p|uniform|permissive|2km_exact,block30
SK0070A,2024,2.183129166666667,2.280951515854167,96,96,higher,FULL_ID|log1p|uniform|permissive|2km_exact,block30
SK0070A,2025,1.8754318181818184,1.749284335,88,88,higher,FULL_ID|log1p|uniform|permissive|2km_exact,block30
SK0071A,2024,2.0584204918032785,1.9264072283360656,122,122,higher,FULL_ID|log1p|uniform|permissive|2km_exact,block30
SK0071A,2025,1.5632685185185184,1.4239335731111111,108,108,higher,FULL_ID|log1p|uniform|permissive|2km_exact,block30
SK0076A,2024,0.49729646017699114,0.36300278319469026,113,113,lower,FULL_ID|log1p|uniform|permissive|2km_exact,block30
SK0076A,2025,0.39205555555555555,0.39251919362962967,108,108,lower,FULL_ID|log1p|uniform|permissive|2km_exact,block30
SK0078A,2024,2.155560344827586,2.0898872399827586,116,116,higher,FULL_ID|log1p|uniform|permissive|2km_exact,block30
SK0078A,2025,2.0732371134020617,1.9370316190618555,97,97,higher,FULL_ID|log1p|uniform|permissive|2km_exact,block30
SK0214A,2024,1.0126264462809917,1.060895739,121,121,higher,FULL_ID|log1p|uniform|permissive|2km_exact,block30
SK0214A,2025,1.1335981308411216,0.977770634564486,107,107,higher,FULL_ID|log1p|uniform|permissive|2km_exact,block30
SK0263A,2024,0.7357486725663717,0.806399733259292,113,113,lower,FULL_ID|log1p|uniform|permissive|2km_exact,block30
SK0263A,2025,0.7383177570093458,0.7591213183299066,107,107,lower,FULL_ID|log1p|uniform|permissive|2km_exact,block30
SK0265A,2024,1.7921026785714285,1.8179004744285714,112,112,higher,FULL_ID|log1p|uniform|permissive|2km_exact,block30
SK0265A,2025,1.9814957264957265,1.8896021323931624,117,117,higher,FULL_ID|log1p|uniform|permissive|2km_exact,block30
SK0269A,2024,0.5201866071428571,0.461284131875,112,112,lower,FULL_ID|log1p|uniform|permissive|2km_exact,block30
SK0269A,2025,0.46375714285714287,0.4530115868642857,140,140,lower,FULL_ID|log1p|uniform|permissive|2km_exact,block30
SK0002A,2024,0.48551416666666664,0.6080322452725,120,120,lower,G_PLUS_P|identity|uniform|permissive|500m,block30
SK0002A,2025,0.3338931297709924,0.47239818553740454,131,131,lower,G_PLUS_P|identity|uniform|permissive|500m,block30
SK0004R,2024,0.2383132530120482,0.26783246565120483,166,166,lower,G_PLUS_P|identity|uniform|permissive|500m,block30
SK0004R,2025,0.23638787878787879,0.2645598388358182,165,165,lower,G_PLUS_P|identity|uniform|permissive|500m,block30
SK0006R,2024,0.2191146551724138,0.2805024056551724,116,116,lower,G_PLUS_P|identity|uniform|permissive|500m,block30
SK0006R,2025,0.30306722689075627,0.2701875614563025,119,119,lower,G_PLUS_P|identity|uniform|permissive|500m,block30
SK0008A,2024,1.7399993589743592,2.005932191403846,156,156,higher,G_PLUS_P|identity|uniform|permissive|500m,block30
SK0008A,2025,1.419208,1.52761150492,125,125,higher,G_PLUS_P|identity|uniform|permissive|500m,block30
SK0018A,2024,6.173277118644068,6.16104437881356,118,118,higher,G_PLUS_P|identity|uniform|permissive|500m,block30
SK0018A,2025,5.750974789915967,5.284336063865546,119,119,higher,G_PLUS_P|identity|uniform|permissive|500m,block30
SK0020A,2024,1.3145647540983607,1.3567939518688525,122,122,higher,G_PLUS_P|identity|uniform|permissive|500m,block30
SK0020A,2025,1.554148514851485,1.5118772574950496,101,101,higher,G_PLUS_P|identity|uniform|permissive|500m,block30
SK0025A,2024,3.4843,3.8702951178429754,121,121,higher,G_PLUS_P|identity|uniform|permissive|500m,block30
SK0025A,2025,2.374333333333333,2.510462758307017,114,114,higher,G_PLUS_P|identity|uniform|permissive|500m,block30
SK0039A,2024,1.0412450381679388,1.2442153364351145,131,131,higher,G_PLUS_P|identity|uniform|permissive|500m,block30
SK0039A,2025,1.1465474860335196,1.3071377150391061,179,179,higher,G_PLUS_P|identity|uniform|permissive|500m,block30
SK0045A,2024,0.5517336538461538,0.6752230729423078,104,104,lower,G_PLUS_P|identity|uniform|permissive|500m,block30
SK0045A,2025,0.4586486486486486,0.5246532181486486,74,74,lower,G_PLUS_P|identity|uniform|permissive|500m,block30
SK0048A,2024,0.19027164179104478,0.34257484109402986,134,134,lower,G_PLUS_P|identity|uniform|permissive|500m,block30
SK0048A,2025,0.19674789915966387,0.34230137565210084,119,119,lower,G_PLUS_P|identity|uniform|permissive|500m,block30
SK0050A,2024,0.9373400000000001,1.0524109015278786,165,165,lower,G_PLUS_P|identity|uniform|permissive|500m,block30
SK0050A,2025,0.855475,0.8705327934916667,120,120,lower,G_PLUS_P|identity|uniform|permissive|500m,block30
SK0061A,2024,0.3596550458715596,0.4914386482110092,109,109,lower,G_PLUS_P|identity|uniform|permissive|500m,block30
SK0061A,2025,0.28588617886178863,0.4127953378886179,123,123,lower,G_PLUS_P|identity|uniform|permissive|500m,block30
SK0066A,2024,1.408934328358209,1.5299939841514925,134,134,higher,G_PLUS_P|identity|uniform|permissive|500m,block30
SK0066A,2025,1.2047874015748032,1.0827315761732283,127,127,higher,G_PLUS_P|identity|uniform|permissive|500m,block30
SK0070A,2024,2.183129166666667,2.6127715903958335,96,96,higher,G_PLUS_P|identity|uniform|permissive|500m,block30
SK0070A,2025,1.8754318181818184,1.9469777440454548,88,88,higher,G_PLUS_P|identity|uniform|permissive|500m,block30
SK0071A,2024,2.0584204918032785,2.2243894379836067,122,122,higher,G_PLUS_P|identity|uniform|permissive|500m,block30
SK0071A,2025,1.5632685185185184,1.5937165871203705,108,108,higher,G_PLUS_P|identity|uniform|permissive|500m,block30
SK0076A,2024,0.49729646017699114,0.45457376540707967,113,113,lower,G_PLUS_P|identity|uniform|permissive|500m,block30
SK0076A,2025,0.39205555555555555,0.5601381793814815,108,108,lower,G_PLUS_P|identity|uniform|permissive|500m,block30
SK0078A,2024,2.155560344827586,2.388709234982759,116,116,higher,G_PLUS_P|identity|uniform|permissive|500m,block30
SK0078A,2025,2.0732371134020617,2.188008166329897,97,97,higher,G_PLUS_P|identity|uniform|permissive|500m,block30
SK0214A,2024,1.0126264462809917,1.2091499941743802,121,121,higher,G_PLUS_P|identity|uniform|permissive|500m,block30
SK0214A,2025,1.1335981308411216,1.1644547619476635,107,107,higher,G_PLUS_P|identity|uniform|permissive|500m,block30
SK0263A,2024,0.7357486725663717,0.9298224622831859,113,113,lower,G_PLUS_P|identity|uniform|permissive|500m,block30
SK0263A,2025,0.7383177570093458,0.8355921774205607,107,107,lower,G_PLUS_P|identity|uniform|permissive|500m,block30
SK0265A,2024,1.7921026785714285,1.8627035278125,112,112,higher,G_PLUS_P|identity|uniform|permissive|500m,block30
SK0265A,2025,1.9814957264957265,1.9395097977948719,117,117,higher,G_PLUS_P|identity|uniform|permissive|500m,block30
SK0269A,2024,0.5201866071428571,0.6356804484910714,112,112,lower,G_PLUS_P|identity|uniform|permissive|500m,block30
SK0269A,2025,0.46375714285714287,0.5498658594228572,140,140,lower,G_PLUS_P|identity|uniform|permissive|500m,block30
SK0002A,2024,0.48551416666666664,0.7596651715691666,120,120,lower,G_PLUS_P|identity|uniform|permissive|500m,loso
SK0002A,2025,0.3338931297709924,0.6297660667175573,131,131,lower,G_PLUS_P|identity|uniform|permissive|500m,loso
SK0004R,2024,0.2383132530120482,0.2255757672933735,166,166,lower,G_PLUS_P|identity|uniform|permissive|500m,loso
SK0004R,2025,0.23638787878787879,0.26445100293939394,165,165,lower,G_PLUS_P|identity|uniform|permissive|500m,loso
SK0006R,2024,0.2191146551724138,0.5651039920775862,116,116,lower,G_PLUS_P|identity|uniform|permissive|500m,loso
SK0006R,2025,0.30306722689075627,0.5778474643613445,119,119,lower,G_PLUS_P|identity|uniform|permissive|500m,loso
SK0008A,2024,1.7399993589743592,2.200126871346154,156,156,higher,G_PLUS_P|identity|uniform|permissive|500m,loso
SK0008A,2025,1.419208,1.759710280304,125,125,higher,G_PLUS_P|identity|uniform|permissive|500m,loso
SK0018A,2024,6.173277118644068,1.0745535931101695,118,118,higher,G_PLUS_P|identity|uniform|permissive|500m,loso
SK0018A,2025,5.750974789915967,1.1403363521512606,119,119,higher,G_PLUS_P|identity|uniform|permissive|500m,loso
SK0020A,2024,1.3145647540983607,1.0478424998606557,122,122,higher,G_PLUS_P|identity|uniform|permissive|500m,loso
SK0020A,2025,1.554148514851485,1.317753918519802,101,101,higher,G_PLUS_P|identity|uniform|permissive|500m,loso
SK0025A,2024,3.4843,3.3095196402066116,121,121,higher,G_PLUS_P|identity|uniform|permissive|500m,loso
SK0025A,2025,2.374333333333333,2.3337332974649123,114,114,higher,G_PLUS_P|identity|uniform|permissive|500m,loso
SK0039A,2024,1.0412450381679388,1.405377161221374,131,131,higher,G_PLUS_P|identity|uniform|permissive|500m,loso
SK0039A,2025,1.1465474860335196,1.5686023547653631,179,179,higher,G_PLUS_P|identity|uniform|permissive|500m,loso
SK0045A,2024,0.5517336538461538,0.6607843089480769,104,104,lower,G_PLUS_P|identity|uniform|permissive|500m,loso
SK0045A,2025,0.4586486486486486,0.4670338470459459,74,74,lower,G_PLUS_P|identity|uniform|permissive|500m,loso
SK0048A,2024,0.19027164179104478,1.6342533500820895,134,134,lower,G_PLUS_P|identity|uniform|permissive|500m,loso
SK0048A,2025,0.19674789915966387,1.5165056331932771,119,119,lower,G_PLUS_P|identity|uniform|permissive|500m,loso
SK0050A,2024,0.9373400000000001,1.0087444927212121,165,165,lower,G_PLUS_P|identity|uniform|permissive|500m,loso
SK0050A,2025,0.855475,0.8516149048866667,120,120,lower,G_PLUS_P|identity|uniform|permissive|500m,loso
SK0061A,2024,0.3596550458715596,0.5669826600183486,109,109,lower,G_PLUS_P|identity|uniform|permissive|500m,loso
SK0061A,2025,0.28588617886178863,0.5529060783577235,123,123,lower,G_PLUS_P|identity|uniform|permissive|500m,loso
SK0066A,2024,1.408934328358209,1.2783768593171643,134,134,higher,G_PLUS_P|identity|uniform|permissive|500m,loso
SK0066A,2025,1.2047874015748032,0.9552284494031497,127,127,higher,G_PLUS_P|identity|uniform|permissive|500m,loso
SK0070A,2024,2.183129166666667,2.6014673504791666,96,96,higher,G_PLUS_P|identity|uniform|permissive|500m,loso
SK0070A,2025,1.8754318181818184,1.9483348457954544,88,88,higher,G_PLUS_P|identity|uniform|permissive|500m,loso
SK0071A,2024,2.0584204918032785,2.028951449139344,122,122,higher,G_PLUS_P|identity|uniform|permissive|500m,loso
SK0071A,2025,1.5632685185185184,1.515143602962963,108,108,higher,G_PLUS_P|identity|uniform|permissive|500m,loso
SK0076A,2024,0.49729646017699114,0.2869256055353982,113,113,lower,G_PLUS_P|identity|uniform|permissive|500m,loso
SK0076A,2025,0.39205555555555555,1.6498734602777778,108,108,lower,G_PLUS_P|identity|uniform|permissive|500m,loso
SK0078A,2024,2.155560344827586,2.0079450126077587,116,116,higher,G_PLUS_P|identity|uniform|permissive|500m,loso
SK0078A,2025,2.0732371134020617,1.955752806072165,97,97,higher,G_PLUS_P|identity|uniform|permissive|500m,loso
SK0214A,2024,1.0126264462809917,1.2961142157785124,121,121,higher,G_PLUS_P|identity|uniform|permissive|500m,loso
SK0214A,2025,1.1335981308411216,1.2865648487700936,107,107,higher,G_PLUS_P|identity|uniform|permissive|500m,loso
SK0263A,2024,0.7357486725663717,0.7877525936641593,113,113,lower,G_PLUS_P|identity|uniform|permissive|500m,loso
SK0263A,2025,0.7383177570093458,0.7344981139242991,107,107,lower,G_PLUS_P|identity|uniform|permissive|500m,loso
SK0265A,2024,1.7921026785714285,1.55724435886,112,112,higher,G_PLUS_P|identity|uniform|permissive|500m,loso
SK0265A,2025,1.9814957264957265,1.6188105853589743,117,117,higher,G_PLUS_P|identity|uniform|permissive|500m,loso
SK0269A,2024,0.5201866071428571,0.5601895342946428,112,112,lower,G_PLUS_P|identity|uniform|permissive|500m,loso
SK0269A,2025,0.46375714285714287,0.4666338753964286,140,140,lower,G_PLUS_P|identity|uniform|permissive|500m,loso
SK0002A,2024,0.48551416666666664,0.47151868714999995,120,120,lower,G_PLUS_P|log1p|uniform|permissive|500m,block30
SK0002A,2025,0.3338931297709924,0.42939127585496184,131,131,lower,G_PLUS_P|log1p|uniform|permissive|500m,block30
SK0004R,2024,0.2383132530120482,0.23477626234337348,166,166,lower,G_PLUS_P|log1p|uniform|permissive|500m,block30
SK0004R,2025,0.23638787878787879,0.2647672923775758,165,165,lower,G_PLUS_P|log1p|uniform|permissive|500m,block30
SK0006R,2024,0.2191146551724138,0.2416276429172414,116,116,lower,G_PLUS_P|log1p|uniform|permissive|500m,block30
SK0006R,2025,0.30306722689075627,0.2429935544537815,119,119,lower,G_PLUS_P|log1p|uniform|permissive|500m,block30
SK0008A,2024,1.7399993589743592,1.8071167594679487,156,156,higher,G_PLUS_P|log1p|uniform|permissive|500m,block30
SK0008A,2025,1.419208,1.4219202494799998,125,125,higher,G_PLUS_P|log1p|uniform|permissive|500m,block30
SK0018A,2024,6.173277118644068,4.840476466694915,118,118,higher,G_PLUS_P|log1p|uniform|permissive|500m,block30
SK0018A,2025,5.750974789915967,4.378900931932773,119,119,higher,G_PLUS_P|log1p|uniform|permissive|500m,block30
SK0020A,2024,1.3145647540983607,1.2810561156885245,122,122,higher,G_PLUS_P|log1p|uniform|permissive|500m,block30
SK0020A,2025,1.554148514851485,1.3844026326039605,101,101,higher,G_PLUS_P|log1p|uniform|permissive|500m,block30
SK0025A,2024,3.4843,3.5468330156198347,121,121,higher,G_PLUS_P|log1p|uniform|permissive|500m,block30
SK0025A,2025,2.374333333333333,2.297695944017544,114,114,higher,G_PLUS_P|log1p|uniform|permissive|500m,block30
SK0039A,2024,1.0412450381679388,1.0406394033816795,131,131,higher,G_PLUS_P|log1p|uniform|permissive|500m,block30
SK0039A,2025,1.1465474860335196,1.1664043986089385,179,179,higher,G_PLUS_P|log1p|uniform|permissive|500m,block30
SK0045A,2024,0.5517336538461538,0.46903488883653843,104,104,lower,G_PLUS_P|log1p|uniform|permissive|500m,block30
SK0045A,2025,0.4586486486486486,0.4653190847702703,74,74,lower,G_PLUS_P|log1p|uniform|permissive|500m,block30
SK0048A,2024,0.19027164179104478,0.22000508310074626,134,134,lower,G_PLUS_P|log1p|uniform|permissive|500m,block30
SK0048A,2025,0.19674789915966387,0.2957657257672269,119,119,lower,G_PLUS_P|log1p|uniform|permissive|500m,block30
SK0050A,2024,0.9373400000000001,0.933060840260606,165,165,lower,G_PLUS_P|log1p|uniform|permissive|500m,block30
SK0050A,2025,0.855475,0.848064098375,120,120,lower,G_PLUS_P|log1p|uniform|permissive|500m,block30
SK0061A,2024,0.3596550458715596,0.33842652018348623,109,109,lower,G_PLUS_P|log1p|uniform|permissive|500m,block30
SK0061A,2025,0.28588617886178863,0.38604910087317074,123,123,lower,G_PLUS_P|log1p|uniform|permissive|500m,block30
SK0066A,2024,1.408934328358209,1.3826458872910448,134,134,higher,G_PLUS_P|log1p|uniform|permissive|500m,block30
SK0066A,2025,1.2047874015748032,1.0273694344960629,127,127,higher,G_PLUS_P|log1p|uniform|permissive|500m,block30
SK0070A,2024,2.183129166666667,2.2294719567291668,96,96,higher,G_PLUS_P|log1p|uniform|permissive|500m,block30
SK0070A,2025,1.8754318181818184,1.7588068735681817,88,88,higher,G_PLUS_P|log1p|uniform|permissive|500m,block30
SK0071A,2024,2.0584204918032785,2.0001057954508195,122,122,higher,G_PLUS_P|log1p|uniform|permissive|500m,block30
SK0071A,2025,1.5632685185185184,1.5118976603055556,108,108,higher,G_PLUS_P|log1p|uniform|permissive|500m,block30
SK0076A,2024,0.49729646017699114,0.364383201661062,113,113,lower,G_PLUS_P|log1p|uniform|permissive|500m,block30
SK0076A,2025,0.39205555555555555,0.428674597812037,108,108,lower,G_PLUS_P|log1p|uniform|permissive|500m,block30
SK0078A,2024,2.155560344827586,2.159832292887931,116,116,higher,G_PLUS_P|log1p|uniform|permissive|500m,block30
SK0078A,2025,2.0732371134020617,2.040168580402062,97,97,higher,G_PLUS_P|log1p|uniform|permissive|500m,block30
SK0214A,2024,1.0126264462809917,1.1185684349586777,121,121,higher,G_PLUS_P|log1p|uniform|permissive|500m,block30
SK0214A,2025,1.1335981308411216,1.0369966826448598,107,107,higher,G_PLUS_P|log1p|uniform|permissive|500m,block30
SK0263A,2024,0.7357486725663717,0.7826599151150443,113,113,lower,G_PLUS_P|log1p|uniform|permissive|500m,block30
SK0263A,2025,0.7383177570093458,0.7088904015981309,107,107,lower,G_PLUS_P|log1p|uniform|permissive|500m,block30
SK0265A,2024,1.7921026785714285,1.754990241080357,112,112,higher,G_PLUS_P|log1p|uniform|permissive|500m,block30
SK0265A,2025,1.9814957264957265,1.843769043059829,117,117,higher,G_PLUS_P|log1p|uniform|permissive|500m,block30
SK0269A,2024,0.5201866071428571,0.4746034255803572,112,112,lower,G_PLUS_P|log1p|uniform|permissive|500m,block30
SK0269A,2025,0.46375714285714287,0.46286720309285717,140,140,lower,G_PLUS_P|log1p|uniform|permissive|500m,block30
SK0002A,2024,0.48551416666666664,0.6927199626308334,120,120,lower,G_PLUS_P|log1p|uniform|permissive|500m,loso
SK0002A,2025,0.3338931297709924,0.5175694760381679,131,131,lower,G_PLUS_P|log1p|uniform|permissive|500m,loso
SK0004R,2024,0.2383132530120482,0.45474781956626503,166,166,lower,G_PLUS_P|log1p|uniform|permissive|500m,loso
SK0004R,2025,0.23638787878787879,0.5174774064052121,165,165,lower,G_PLUS_P|log1p|uniform|permissive|500m,loso
SK0006R,2024,0.2191146551724138,0.4731781485741379,116,116,lower,G_PLUS_P|log1p|uniform|permissive|500m,loso
SK0006R,2025,0.30306722689075627,0.48506015888235293,119,119,lower,G_PLUS_P|log1p|uniform|permissive|500m,loso
SK0008A,2024,1.7399993589743592,2.0752608778269233,156,156,higher,G_PLUS_P|log1p|uniform|permissive|500m,loso
SK0008A,2025,1.419208,1.677138058168,125,125,higher,G_PLUS_P|log1p|uniform|permissive|500m,loso
SK0018A,2024,6.173277118644068,0.6943903922657627,118,118,higher,G_PLUS_P|log1p|uniform|permissive|500m,loso
SK0018A,2025,5.750974789915967,0.7795567666204202,119,119,higher,G_PLUS_P|log1p|uniform|permissive|500m,loso
SK0020A,2024,1.3145647540983607,0.9853071449672132,122,122,higher,G_PLUS_P|log1p|uniform|permissive|500m,loso
SK0020A,2025,1.554148514851485,1.1002016016633662,101,101,higher,G_PLUS_P|log1p|uniform|permissive|500m,loso
SK0025A,2024,3.4843,2.980483855305785,121,121,higher,G_PLUS_P|log1p|uniform|permissive|500m,loso
SK0025A,2025,2.374333333333333,2.117851683850877,114,114,higher,G_PLUS_P|log1p|uniform|permissive|500m,loso
SK0039A,2024,1.0412450381679388,1.237463189793893,131,131,higher,G_PLUS_P|log1p|uniform|permissive|500m,loso
SK0039A,2025,1.1465474860335196,1.4454382573519553,179,179,higher,G_PLUS_P|log1p|uniform|permissive|500m,loso
SK0045A,2024,0.5517336538461538,0.48572088819230774,104,104,lower,G_PLUS_P|log1p|uniform|permissive|500m,loso
SK0045A,2025,0.4586486486486486,0.43945128189189187,74,74,lower,G_PLUS_P|log1p|uniform|permissive|500m,loso
SK0048A,2024,0.19027164179104478,0.7263441529179104,134,134,lower,G_PLUS_P|log1p|uniform|permissive|500m,loso
SK0048A,2025,0.19674789915966387,0.8347200229327731,119,119,lower,G_PLUS_P|log1p|uniform|permissive|500m,loso
SK0050A,2024,0.9373400000000001,0.8487317222909091,165,165,lower,G_PLUS_P|log1p|uniform|permissive|500m,loso
SK0050A,2025,0.855475,0.7936216037916667,120,120,lower,G_PLUS_P|log1p|uniform|permissive|500m,loso
SK0061A,2024,0.3596550458715596,0.4954627260963303,109,109,lower,G_PLUS_P|log1p|uniform|permissive|500m,loso
SK0061A,2025,0.28588617886178863,0.49550322688617887,123,123,lower,G_PLUS_P|log1p|uniform|permissive|500m,loso
SK0066A,2024,1.408934328358209,1.2262930970597015,134,134,higher,G_PLUS_P|log1p|uniform|permissive|500m,loso
SK0066A,2025,1.2047874015748032,0.9230867828582677,127,127,higher,G_PLUS_P|log1p|uniform|permissive|500m,loso
SK0070A,2024,2.183129166666667,2.042772560770833,96,96,higher,G_PLUS_P|log1p|uniform|permissive|500m,loso
SK0070A,2025,1.8754318181818184,1.6058785792045454,88,88,higher,G_PLUS_P|log1p|uniform|permissive|500m,loso
SK0071A,2024,2.0584204918032785,1.9241504371065574,122,122,higher,G_PLUS_P|log1p|uniform|permissive|500m,loso
SK0071A,2025,1.5632685185185184,1.4334804274814814,108,108,higher,G_PLUS_P|log1p|uniform|permissive|500m,loso
SK0076A,2024,0.49729646017699114,0.2403229825115044,113,113,lower,G_PLUS_P|log1p|uniform|permissive|500m,loso
SK0076A,2025,0.39205555555555555,1.0498010687962962,108,108,lower,G_PLUS_P|log1p|uniform|permissive|500m,loso
SK0078A,2024,2.155560344827586,1.861475972551724,116,116,higher,G_PLUS_P|log1p|uniform|permissive|500m,loso
SK0078A,2025,2.0732371134020617,1.751917784041237,97,97,higher,G_PLUS_P|log1p|uniform|permissive|500m,loso
SK0214A,2024,1.0126264462809917,0.9892820649793389,121,121,higher,G_PLUS_P|log1p|uniform|permissive|500m,loso
SK0214A,2025,1.1335981308411216,0.9470763996682243,107,107,higher,G_PLUS_P|log1p|uniform|permissive|500m,loso
SK0263A,2024,0.7357486725663717,0.6764721850442478,113,113,lower,G_PLUS_P|log1p|uniform|permissive|500m,loso
SK0263A,2025,0.7383177570093458,0.5963643446168224,107,107,lower,G_PLUS_P|log1p|uniform|permissive|500m,loso
SK0265A,2024,1.7921026785714285,1.274947003375,112,112,higher,G_PLUS_P|log1p|uniform|permissive|500m,loso
SK0265A,2025,1.9814957264957265,1.3636984879316238,117,117,higher,G_PLUS_P|log1p|uniform|permissive|500m,loso
SK0269A,2024,0.5201866071428571,0.47384186823214286,112,112,lower,G_PLUS_P|log1p|uniform|permissive|500m,loso
SK0269A,2025,0.46375714285714287,0.4270818428428571,140,140,lower,G_PLUS_P|log1p|uniform|permissive|500m,loso
SK0002A,2024,0.48551416666666664,0.45950198749166665,120,120,lower,G_PLUS_P|log1p|uniform|strict18|500m,block30
SK0002A,2025,0.3338931297709924,0.42069235540229005,131,131,lower,G_PLUS_P|log1p|uniform|strict18|500m,block30
SK0004R,2024,0.2383132530120482,0.2298543448554217,166,166,lower,G_PLUS_P|log1p|uniform|strict18|500m,block30
SK0004R,2025,0.23638787878787879,0.2564485864751515,165,165,lower,G_PLUS_P|log1p|uniform|strict18|500m,block30
SK0006R,2024,0.2191146551724138,0.2406790553534483,116,116,lower,G_PLUS_P|log1p|uniform|strict18|500m,block30
SK0006R,2025,0.30306722689075627,0.2543394779117647,119,119,lower,G_PLUS_P|log1p|uniform|strict18|500m,block30
SK0008A,2024,1.7399993589743592,1.7597799357884616,156,156,higher,G_PLUS_P|log1p|uniform|strict18|500m,block30
SK0008A,2025,1.419208,1.47160036336,125,125,higher,G_PLUS_P|log1p|uniform|strict18|500m,block30
SK0018A,2024,6.173277118644068,4.998258604830508,118,118,higher,G_PLUS_P|log1p|uniform|strict18|500m,block30
SK0018A,2025,5.750974789915967,4.365125832268908,119,119,higher,G_PLUS_P|log1p|uniform|strict18|500m,block30
SK0020A,2024,1.3145647540983607,1.2542196276967215,122,122,higher,G_PLUS_P|log1p|uniform|strict18|500m,block30
SK0020A,2025,1.554148514851485,1.4061741623861388,101,101,higher,G_PLUS_P|log1p|uniform|strict18|500m,block30
SK0025A,2024,3.4843,3.6789817155702482,121,121,higher,G_PLUS_P|log1p|uniform|strict18|500m,block30
SK0025A,2025,2.374333333333333,2.2869842001754384,114,114,higher,G_PLUS_P|log1p|uniform|strict18|500m,block30
SK0039A,2024,1.0412450381679388,0.9940216291526719,131,131,higher,G_PLUS_P|log1p|uniform|strict18|500m,block30
SK0039A,2025,1.1465474860335196,1.1591032334189943,179,179,higher,G_PLUS_P|log1p|uniform|strict18|500m,block30
SK0045A,2024,0.5517336538461538,0.46689483286538463,104,104,lower,G_PLUS_P|log1p|uniform|strict18|500m,block30
SK0045A,2025,0.4586486486486486,0.48381851041351354,74,74,lower,G_PLUS_P|log1p|uniform|strict18|500m,block30
SK0048A,2024,0.19027164179104478,0.21574618299626866,134,134,lower,G_PLUS_P|log1p|uniform|strict18|500m,block30
SK0048A,2025,0.19674789915966387,0.30204426024621844,119,119,lower,G_PLUS_P|log1p|uniform|strict18|500m,block30
SK0050A,2024,0.9373400000000001,0.9516930692666666,165,165,lower,G_PLUS_P|log1p|uniform|strict18|500m,block30
SK0050A,2025,0.855475,0.8443151028583333,120,120,lower,G_PLUS_P|log1p|uniform|strict18|500m,block30
SK0061A,2024,0.3596550458715596,0.35136822288073394,109,109,lower,G_PLUS_P|log1p|uniform|strict18|500m,block30
SK0061A,2025,0.28588617886178863,0.38227004370731704,123,123,lower,G_PLUS_P|log1p|uniform|strict18|500m,block30
SK0066A,2024,1.408934328358209,1.383768641141791,134,134,higher,G_PLUS_P|log1p|uniform|strict18|500m,block30
SK0066A,2025,1.2047874015748032,1.0233526621732285,127,127,higher,G_PLUS_P|log1p|uniform|strict18|500m,block30
SK0070A,2024,2.183129166666667,2.3666442863854167,96,96,higher,G_PLUS_P|log1p|uniform|strict18|500m,block30
SK0070A,2025,1.8754318181818184,1.8508758323863637,88,88,higher,G_PLUS_P|log1p|uniform|strict18|500m,block30
SK0071A,2024,2.0584204918032785,1.973716187204918,122,122,higher,G_PLUS_P|log1p|uniform|strict18|500m,block30
SK0071A,2025,1.5632685185185184,1.4847739532129631,108,108,higher,G_PLUS_P|log1p|uniform|strict18|500m,block30
SK0076A,2024,0.49729646017699114,0.34838641600000003,113,113,lower,G_PLUS_P|log1p|uniform|strict18|500m,block30
SK0076A,2025,0.39205555555555555,0.40336198640277776,108,108,lower,G_PLUS_P|log1p|uniform|strict18|500m,block30
SK0078A,2024,2.155560344827586,2.1514120713448275,116,116,higher,G_PLUS_P|log1p|uniform|strict18|500m,block30
SK0078A,2025,2.0732371134020617,2.143124844989691,97,97,higher,G_PLUS_P|log1p|uniform|strict18|500m,block30
SK0214A,2024,1.0126264462809917,1.1175429845123968,121,121,higher,G_PLUS_P|log1p|uniform|strict18|500m,block30
SK0214A,2025,1.1335981308411216,0.9914541367102804,107,107,higher,G_PLUS_P|log1p|uniform|strict18|500m,block30
SK0263A,2024,0.7357486725663717,0.782008880738938,113,113,lower,G_PLUS_P|log1p|uniform|strict18|500m,block30
SK0263A,2025,0.7383177570093458,0.7268605218831776,107,107,lower,G_PLUS_P|log1p|uniform|strict18|500m,block30
SK0265A,2024,1.7921026785714285,1.745671041017857,112,112,higher,G_PLUS_P|log1p|uniform|strict18|500m,block30
SK0265A,2025,1.9814957264957265,1.8189420852222222,117,117,higher,G_PLUS_P|log1p|uniform|strict18|500m,block30
SK0269A,2024,0.5201866071428571,0.48319716209821434,112,112,lower,G_PLUS_P|log1p|uniform|strict18|500m,block30
SK0269A,2025,0.46375714285714287,0.46301463415714283,140,140,lower,G_PLUS_P|log1p|uniform|strict18|500m,block30
SK0002A,2024,0.48551416666666664,0.6874837223583333,120,120,lower,G_PLUS_P|log1p|uniform|strict18|500m,loso
SK0002A,2025,0.3338931297709924,0.5162317507709924,131,131,lower,G_PLUS_P|log1p|uniform|strict18|500m,loso
SK0004R,2024,0.2383132530120482,0.3446579233373494,166,166,lower,G_PLUS_P|log1p|uniform|strict18|500m,loso
SK0004R,2025,0.23638787878787879,0.39557880448303034,165,165,lower,G_PLUS_P|log1p|uniform|strict18|500m,loso
SK0006R,2024,0.2191146551724138,0.4480365179612069,116,116,lower,G_PLUS_P|log1p|uniform|strict18|500m,loso
SK0006R,2025,0.30306722689075627,0.4912745990092437,119,119,lower,G_PLUS_P|log1p|uniform|strict18|500m,loso
SK0008A,2024,1.7399993589743592,1.8952715887307692,156,156,higher,G_PLUS_P|log1p|uniform|strict18|500m,loso
SK0008A,2025,1.419208,1.5766443360559999,125,125,higher,G_PLUS_P|log1p|uniform|strict18|500m,loso
SK0018A,2024,6.173277118644068,0.7137030380383051,118,118,higher,G_PLUS_P|log1p|uniform|strict18|500m,loso
SK0018A,2025,5.750974789915967,0.7976756654789915,119,119,higher,G_PLUS_P|log1p|uniform|strict18|500m,loso
SK0020A,2024,1.3145647540983607,1.0312249451094262,122,122,higher,G_PLUS_P|log1p|uniform|strict18|500m,loso
SK0020A,2025,1.554148514851485,1.1558877276930692,101,101,higher,G_PLUS_P|log1p|uniform|strict18|500m,loso
SK0025A,2024,3.4843,3.051431566322314,121,121,higher,G_PLUS_P|log1p|uniform|strict18|500m,loso
SK0025A,2025,2.374333333333333,2.0801119406842106,114,114,higher,G_PLUS_P|log1p|uniform|strict18|500m,loso
SK0039A,2024,1.0412450381679388,1.1755447357900763,131,131,higher,G_PLUS_P|log1p|uniform|strict18|500m,loso
SK0039A,2025,1.1465474860335196,1.4470551274692738,179,179,higher,G_PLUS_P|log1p|uniform|strict18|500m,loso
SK0045A,2024,0.5517336538461538,0.4916829754230769,104,104,lower,G_PLUS_P|log1p|uniform|strict18|500m,loso
SK0045A,2025,0.4586486486486486,0.45329405599999995,74,74,lower,G_PLUS_P|log1p|uniform|strict18|500m,loso
SK0048A,2024,0.19027164179104478,0.784702708522388,134,134,lower,G_PLUS_P|log1p|uniform|strict18|500m,loso
SK0048A,2025,0.19674789915966387,0.9302982498823529,119,119,lower,G_PLUS_P|log1p|uniform|strict18|500m,loso
SK0050A,2024,0.9373400000000001,0.8950328027939394,165,165,lower,G_PLUS_P|log1p|uniform|strict18|500m,loso
SK0050A,2025,0.855475,0.79487577265,120,120,lower,G_PLUS_P|log1p|uniform|strict18|500m,loso
SK0061A,2024,0.3596550458715596,0.473519917440367,109,109,lower,G_PLUS_P|log1p|uniform|strict18|500m,loso
SK0061A,2025,0.28588617886178863,0.4525124006585366,123,123,lower,G_PLUS_P|log1p|uniform|strict18|500m,loso
SK0066A,2024,1.408934328358209,1.2344066347089553,134,134,higher,G_PLUS_P|log1p|uniform|strict18|500m,loso
SK0066A,2025,1.2047874015748032,0.9281261442598425,127,127,higher,G_PLUS_P|log1p|uniform|strict18|500m,loso
SK0070A,2024,2.183129166666667,2.078186303854167,96,96,higher,G_PLUS_P|log1p|uniform|strict18|500m,loso
SK0070A,2025,1.8754318181818184,1.6330022614772728,88,88,higher,G_PLUS_P|log1p|uniform|strict18|500m,loso
SK0071A,2024,2.0584204918032785,1.8226550203360656,122,122,higher,G_PLUS_P|log1p|uniform|strict18|500m,loso
SK0071A,2025,1.5632685185185184,1.4566570882037038,108,108,higher,G_PLUS_P|log1p|uniform|strict18|500m,loso
SK0076A,2024,0.49729646017699114,0.26687774704424777,113,113,lower,G_PLUS_P|log1p|uniform|strict18|500m,loso
SK0076A,2025,0.39205555555555555,1.2062961268981482,108,108,lower,G_PLUS_P|log1p|uniform|strict18|500m,loso
SK0078A,2024,2.155560344827586,1.7991175912758621,116,116,higher,G_PLUS_P|log1p|uniform|strict18|500m,loso
SK0078A,2025,2.0732371134020617,1.8376069812371132,97,97,higher,G_PLUS_P|log1p|uniform|strict18|500m,loso
SK0214A,2024,1.0126264462809917,1.004717035123967,121,121,higher,G_PLUS_P|log1p|uniform|strict18|500m,loso
SK0214A,2025,1.1335981308411216,0.9002721725327103,107,107,higher,G_PLUS_P|log1p|uniform|strict18|500m,loso
SK0263A,2024,0.7357486725663717,0.7022299736548673,113,113,lower,G_PLUS_P|log1p|uniform|strict18|500m,loso
SK0263A,2025,0.7383177570093458,0.6677464528037383,107,107,lower,G_PLUS_P|log1p|uniform|strict18|500m,loso
SK0265A,2024,1.7921026785714285,1.3583952840892857,112,112,higher,G_PLUS_P|log1p|uniform|strict18|500m,loso
SK0265A,2025,1.9814957264957265,1.4562743796837607,117,117,higher,G_PLUS_P|log1p|uniform|strict18|500m,loso
SK0269A,2024,0.5201866071428571,0.4667702290267857,112,112,lower,G_PLUS_P|log1p|uniform|strict18|500m,loso
SK0269A,2025,0.46375714285714287,0.41151264659285713,140,140,lower,G_PLUS_P|log1p|uniform|strict18|500m,loso
SK0002A,2024,0.48551416666666664,0.4215046715083333,120,120,lower,G|log1p|uniform|permissive|500m,block30
SK0002A,2025,0.3338931297709924,0.4403565421450382,131,131,lower,G|log1p|uniform|permissive|500m,block30
SK0004R,2024,0.2383132530120482,0.23076360201951807,166,166,lower,G|log1p|uniform|permissive|500m,block30
SK0004R,2025,0.23638787878787879,0.2612581832818182,165,165,lower,G|log1p|uniform|permissive|500m,block30
SK0006R,2024,0.2191146551724138,0.25077449819310343,116,116,lower,G|log1p|uniform|permissive|500m,block30
SK0006R,2025,0.30306722689075627,0.25923889101596637,119,119,lower,G|log1p|uniform|permissive|500m,block30
SK0008A,2024,1.7399993589743592,1.6935703850576924,156,156,higher,G|log1p|uniform|permissive|500m,block30
SK0008A,2025,1.419208,1.532219872,125,125,higher,G|log1p|uniform|permissive|500m,block30
SK0018A,2024,6.173277118644068,4.270136902033898,118,118,higher,G|log1p|uniform|permissive|500m,block30
SK0018A,2025,5.750974789915967,4.24234611092437,119,119,higher,G|log1p|uniform|permissive|500m,block30
SK0020A,2024,1.3145647540983607,1.178156580295082,122,122,higher,G|log1p|uniform|permissive|500m,block30
SK0020A,2025,1.554148514851485,1.3994077742475246,101,101,higher,G|log1p|uniform|permissive|500m,block30
SK0025A,2024,3.4843,3.3295346642644628,121,121,higher,G|log1p|uniform|permissive|500m,block30
SK0025A,2025,2.374333333333333,2.3684585629122807,114,114,higher,G|log1p|uniform|permissive|500m,block30
SK0039A,2024,1.0412450381679388,1.0069729494198472,131,131,higher,G|log1p|uniform|permissive|500m,block30
SK0039A,2025,1.1465474860335196,1.078003652265363,179,179,higher,G|log1p|uniform|permissive|500m,block30
SK0045A,2024,0.5517336538461538,0.42169870822115385,104,104,lower,G|log1p|uniform|permissive|500m,block30
SK0045A,2025,0.4586486486486486,0.4860481717432433,74,74,lower,G|log1p|uniform|permissive|500m,block30
SK0048A,2024,0.19027164179104478,0.20042677735820896,134,134,lower,G|log1p|uniform|permissive|500m,block30
SK0048A,2025,0.19674789915966387,0.2778391544277311,119,119,lower,G|log1p|uniform|permissive|500m,block30
SK0050A,2024,0.9373400000000001,0.9538172193454546,165,165,lower,G|log1p|uniform|permissive|500m,block30
SK0050A,2025,0.855475,0.960304458025,120,120,lower,G|log1p|uniform|permissive|500m,block30
SK0061A,2024,0.3596550458715596,0.3087474820825688,109,109,lower,G|log1p|uniform|permissive|500m,block30
SK0061A,2025,0.28588617886178863,0.37983757426016257,123,123,lower,G|log1p|uniform|permissive|500m,block30
SK0066A,2024,1.408934328358209,1.217299334216418,134,134,higher,G|log1p|uniform|permissive|500m,block30
SK0066A,2025,1.2047874015748032,1.1399987517228347,127,127,higher,G|log1p|uniform|permissive|500m,block30
SK0070A,2024,2.183129166666667,2.1123760480833336,96,96,higher,G|log1p|uniform|permissive|500m,block30
SK0070A,2025,1.8754318181818184,1.7974317577272727,88,88,higher,G|log1p|uniform|permissive|500m,block30
SK0071A,2024,2.0584204918032785,1.8612368292459016,122,122,higher,G|log1p|uniform|permissive|500m,block30
SK0071A,2025,1.5632685185185184,1.6513866157685186,108,108,higher,G|log1p|uniform|permissive|500m,block30
SK0076A,2024,0.49729646017699114,0.36556282782300886,113,113,lower,G|log1p|uniform|permissive|500m,block30
SK0076A,2025,0.39205555555555555,0.47021761112685184,108,108,lower,G|log1p|uniform|permissive|500m,block30
SK0078A,2024,2.155560344827586,2.013866727387931,116,116,higher,G|log1p|uniform|permissive|500m,block30
SK0078A,2025,2.0732371134020617,1.9576714126082475,97,97,higher,G|log1p|uniform|permissive|500m,block30
SK0214A,2024,1.0126264462809917,1.0093879022231405,121,121,higher,G|log1p|uniform|permissive|500m,block30
SK0214A,2025,1.1335981308411216,0.9563134219439252,107,107,higher,G|log1p|uniform|permissive|500m,block30
SK0263A,2024,0.7357486725663717,0.7530162803451327,113,113,lower,G|log1p|uniform|permissive|500m,block30
SK0263A,2025,0.7383177570093458,0.7784782090158878,107,107,lower,G|log1p|uniform|permissive|500m,block30
SK0265A,2024,1.7921026785714285,1.577211966875,112,112,higher,G|log1p|uniform|permissive|500m,block30
SK0265A,2025,1.9814957264957265,1.858691690111111,117,117,higher,G|log1p|uniform|permissive|500m,block30
SK0269A,2024,0.5201866071428571,0.4593266677160714,112,112,lower,G|log1p|uniform|permissive|500m,block30
SK0269A,2025,0.46375714285714287,0.45904608712142864,140,140,lower,G|log1p|uniform|permissive|500m,block30
SK0002A,2024,0.48551416666666664,0.5188570293625,120,120,lower,G|log1p|uniform|permissive|500m,loso
SK0002A,2025,0.3338931297709924,0.44938787770992367,131,131,lower,G|log1p|uniform|permissive|500m,loso
SK0004R,2024,0.2383132530120482,0.39535016292469877,166,166,lower,G|log1p|uniform|permissive|500m,loso
SK0004R,2025,0.23638787878787879,0.4417890064309091,165,165,lower,G|log1p|uniform|permissive|500m,loso
SK0006R,2024,0.2191146551724138,0.4829456388836207,116,116,lower,G|log1p|uniform|permissive|500m,loso
SK0006R,2025,0.30306722689075627,0.5028081389495799,119,119,lower,G|log1p|uniform|permissive|500m,loso
SK0008A,2024,1.7399993589743592,2.1179814452564103,156,156,higher,G|log1p|uniform|permissive|500m,loso
SK0008A,2025,1.419208,1.76938484176,125,125,higher,G|log1p|uniform|permissive|500m,loso
SK0018A,2024,6.173277118644068,1.1863674548644068,118,118,higher,G|log1p|uniform|permissive|500m,loso
SK0018A,2025,5.750974789915967,1.2735345284957982,119,119,higher,G|log1p|uniform|permissive|500m,loso
SK0020A,2024,1.3145647540983607,0.8572305922377049,122,122,higher,G|log1p|uniform|permissive|500m,loso
SK0020A,2025,1.554148514851485,0.9742660329485148,101,101,higher,G|log1p|uniform|permissive|500m,loso
SK0025A,2024,3.4843,2.4295390903305782,121,121,higher,G|log1p|uniform|permissive|500m,loso
SK0025A,2025,2.374333333333333,1.8047542841929824,114,114,higher,G|log1p|uniform|permissive|500m,loso
SK0039A,2024,1.0412450381679388,1.2820659544007633,131,131,higher,G|log1p|uniform|permissive|500m,loso
SK0039A,2025,1.1465474860335196,1.35131031094581,179,179,higher,G|log1p|uniform|permissive|500m,loso
SK0045A,2024,0.5517336538461538,1.411012935769231,104,104,lower,G|log1p|uniform|permissive|500m,loso
SK0045A,2025,0.4586486486486486,1.432797238783784,74,74,lower,G|log1p|uniform|permissive|500m,loso
SK0048A,2024,0.19027164179104478,2.7221041082835824,134,134,lower,G|log1p|uniform|permissive|500m,loso
SK0048A,2025,0.19674789915966387,2.660327863865546,119,119,lower,G|log1p|uniform|permissive|500m,loso
SK0050A,2024,0.9373400000000001,0.9561543914181818,165,165,lower,G|log1p|uniform|permissive|500m,loso
SK0050A,2025,0.855475,0.92936494485,120,120,lower,G|log1p|uniform|permissive|500m,loso
SK0061A,2024,0.3596550458715596,0.3777166337522936,109,109,lower,G|log1p|uniform|permissive|500m,loso
SK0061A,2025,0.28588617886178863,0.35556741658943086,123,123,lower,G|log1p|uniform|permissive|500m,loso
SK0066A,2024,1.408934328358209,1.0465365756082088,134,134,higher,G|log1p|uniform|permissive|500m,loso
SK0066A,2025,1.2047874015748032,0.9190498079133859,127,127,higher,G|log1p|uniform|permissive|500m,loso
SK0070A,2024,2.183129166666667,2.8031115440625,96,96,higher,G|log1p|uniform|permissive|500m,loso
SK0070A,2025,1.8754318181818184,2.5125284120454547,88,88,higher,G|log1p|uniform|permissive|500m,loso
SK0071A,2024,2.0584204918032785,1.9400202189836064,122,122,higher,G|log1p|uniform|permissive|500m,loso
SK0071A,2025,1.5632685185185184,1.7365806595,108,108,higher,G|log1p|uniform|permissive|500m,loso
SK0076A,2024,0.49729646017699114,1.8700089018584072,113,113,lower,G|log1p|uniform|permissive|500m,loso
SK0076A,2025,0.39205555555555555,2.0212792962037036,108,108,lower,G|log1p|uniform|permissive|500m,loso
SK0078A,2024,2.155560344827586,1.9985697066379309,116,116,higher,G|log1p|uniform|permissive|500m,loso
SK0078A,2025,2.0732371134020617,1.9620860754639176,97,97,higher,G|log1p|uniform|permissive|500m,loso
SK0214A,2024,1.0126264462809917,0.6909457832809917,121,121,higher,G|log1p|uniform|permissive|500m,loso
SK0214A,2025,1.1335981308411216,0.6992768772,107,107,higher,G|log1p|uniform|permissive|500m,loso
SK0263A,2024,0.7357486725663717,0.7261338766106195,113,113,lower,G|log1p|uniform|permissive|500m,loso
SK0263A,2025,0.7383177570093458,0.6475693285700935,107,107,lower,G|log1p|uniform|permissive|500m,loso
SK0265A,2024,1.7921026785714285,0.8391145075285714,112,112,higher,G|log1p|uniform|permissive|500m,loso
SK0265A,2025,1.9814957264957265,0.9943229450743589,117,117,higher,G|log1p|uniform|permissive|500m,loso
SK0269A,2024,0.5201866071428571,0.4660299111875,112,112,lower,G|log1p|uniform|permissive|500m,loso
SK0269A,2025,0.46375714285714287,0.38920844871428567,140,140,lower,G|log1p|uniform|permissive|500m,loso
SK0002A,2024,0.48551416666666664,0.45229152911666665,120,120,lower,M_AUX|log1p|inverse_1_over_bap_plus_0_5|permissive|2km_exact,block30
SK0002A,2025,0.3338931297709924,0.388711973519084,131,131,lower,M_AUX|log1p|inverse_1_over_bap_plus_0_5|permissive|2km_exact,block30
SK0004R,2024,0.2383132530120482,0.23124491795783134,166,166,lower,M_AUX|log1p|inverse_1_over_bap_plus_0_5|permissive|2km_exact,block30
SK0004R,2025,0.23638787878787879,0.25582913121818185,165,165,lower,M_AUX|log1p|inverse_1_over_bap_plus_0_5|permissive|2km_exact,block30
SK0006R,2024,0.2191146551724138,0.2338065474310345,116,116,lower,M_AUX|log1p|inverse_1_over_bap_plus_0_5|permissive|2km_exact,block30
SK0006R,2025,0.30306722689075627,0.22859923093277312,119,119,lower,M_AUX|log1p|inverse_1_over_bap_plus_0_5|permissive|2km_exact,block30
SK0008A,2024,1.7399993589743592,1.6316778127628204,156,156,higher,M_AUX|log1p|inverse_1_over_bap_plus_0_5|permissive|2km_exact,block30
SK0008A,2025,1.419208,1.4376592377439998,125,125,higher,M_AUX|log1p|inverse_1_over_bap_plus_0_5|permissive|2km_exact,block30
SK0018A,2024,6.173277118644068,3.713306612457627,118,118,higher,M_AUX|log1p|inverse_1_over_bap_plus_0_5|permissive|2km_exact,block30
SK0018A,2025,5.750974789915967,3.4560148343697477,119,119,higher,M_AUX|log1p|inverse_1_over_bap_plus_0_5|permissive|2km_exact,block30
SK0020A,2024,1.3145647540983607,1.2456186598770491,122,122,higher,M_AUX|log1p|inverse_1_over_bap_plus_0_5|permissive|2km_exact,block30
SK0020A,2025,1.554148514851485,1.4473413802772277,101,101,higher,M_AUX|log1p|inverse_1_over_bap_plus_0_5|permissive|2km_exact,block30
SK0025A,2024,3.4843,3.4144162304710743,121,121,higher,M_AUX|log1p|inverse_1_over_bap_plus_0_5|permissive|2km_exact,block30
SK0025A,2025,2.374333333333333,2.225050287657895,114,114,higher,M_AUX|log1p|inverse_1_over_bap_plus_0_5|permissive|2km_exact,block30
SK0039A,2024,1.0412450381679388,0.9394224823511451,131,131,higher,M_AUX|log1p|inverse_1_over_bap_plus_0_5|permissive|2km_exact,block30
SK0039A,2025,1.1465474860335196,1.2363660916368715,179,179,higher,M_AUX|log1p|inverse_1_over_bap_plus_0_5|permissive|2km_exact,block30
SK0045A,2024,0.5517336538461538,0.5022583381634615,104,104,lower,M_AUX|log1p|inverse_1_over_bap_plus_0_5|permissive|2km_exact,block30
SK0045A,2025,0.4586486486486486,0.48167671468918916,74,74,lower,M_AUX|log1p|inverse_1_over_bap_plus_0_5|permissive|2km_exact,block30
SK0048A,2024,0.19027164179104478,0.19876664836567165,134,134,lower,M_AUX|log1p|inverse_1_over_bap_plus_0_5|permissive|2km_exact,block30
SK0048A,2025,0.19674789915966387,0.24625232264705882,119,119,lower,M_AUX|log1p|inverse_1_over_bap_plus_0_5|permissive|2km_exact,block30
SK0050A,2024,0.9373400000000001,0.9290894123757575,165,165,lower,M_AUX|log1p|inverse_1_over_bap_plus_0_5|permissive|2km_exact,block30
SK0050A,2025,0.855475,0.8335931304916666,120,120,lower,M_AUX|log1p|inverse_1_over_bap_plus_0_5|permissive|2km_exact,block30
SK0061A,2024,0.3596550458715596,0.3359538343302752,109,109,lower,M_AUX|log1p|inverse_1_over_bap_plus_0_5|permissive|2km_exact,block30
SK0061A,2025,0.28588617886178863,0.365804513,123,123,lower,M_AUX|log1p|inverse_1_over_bap_plus_0_5|permissive|2km_exact,block30
SK0066A,2024,1.408934328358209,1.3814686864402985,134,134,higher,M_AUX|log1p|inverse_1_over_bap_plus_0_5|permissive|2km_exact,block30
SK0066A,2025,1.2047874015748032,1.087935024480315,127,127,higher,M_AUX|log1p|inverse_1_over_bap_plus_0_5|permissive|2km_exact,block30
SK0070A,2024,2.183129166666667,2.1185089964375,96,96,higher,M_AUX|log1p|inverse_1_over_bap_plus_0_5|permissive|2km_exact,block30
SK0070A,2025,1.8754318181818184,1.720392203715909,88,88,higher,M_AUX|log1p|inverse_1_over_bap_plus_0_5|permissive|2km_exact,block30
SK0071A,2024,2.0584204918032785,1.7413827465655738,122,122,higher,M_AUX|log1p|inverse_1_over_bap_plus_0_5|permissive|2km_exact,block30
SK0071A,2025,1.5632685185185184,1.3647679687222223,108,108,higher,M_AUX|log1p|inverse_1_over_bap_plus_0_5|permissive|2km_exact,block30
SK0076A,2024,0.49729646017699114,0.3456523754159292,113,113,lower,M_AUX|log1p|inverse_1_over_bap_plus_0_5|permissive|2km_exact,block30
SK0076A,2025,0.39205555555555555,0.3875027897592592,108,108,lower,M_AUX|log1p|inverse_1_over_bap_plus_0_5|permissive|2km_exact,block30
SK0078A,2024,2.155560344827586,1.9535378513965518,116,116,higher,M_AUX|log1p|inverse_1_over_bap_plus_0_5|permissive|2km_exact,block30
SK0078A,2025,2.0732371134020617,1.8597715888453608,97,97,higher,M_AUX|log1p|inverse_1_over_bap_plus_0_5|permissive|2km_exact,block30
SK0214A,2024,1.0126264462809917,0.9721003660661157,121,121,higher,M_AUX|log1p|inverse_1_over_bap_plus_0_5|permissive|2km_exact,block30
SK0214A,2025,1.1335981308411216,0.932477410457944,107,107,higher,M_AUX|log1p|inverse_1_over_bap_plus_0_5|permissive|2km_exact,block30
SK0263A,2024,0.7357486725663717,0.7315078480088496,113,113,lower,M_AUX|log1p|inverse_1_over_bap_plus_0_5|permissive|2km_exact,block30
SK0263A,2025,0.7383177570093458,0.6680511369813084,107,107,lower,M_AUX|log1p|inverse_1_over_bap_plus_0_5|permissive|2km_exact,block30
SK0265A,2024,1.7921026785714285,1.7344962477142858,112,112,higher,M_AUX|log1p|inverse_1_over_bap_plus_0_5|permissive|2km_exact,block30
SK0265A,2025,1.9814957264957265,1.8454133132905983,117,117,higher,M_AUX|log1p|inverse_1_over_bap_plus_0_5|permissive|2km_exact,block30
SK0269A,2024,0.5201866071428571,0.4684850949642857,112,112,lower,M_AUX|log1p|inverse_1_over_bap_plus_0_5|permissive|2km_exact,block30
SK0269A,2025,0.46375714285714287,0.4359978673928571,140,140,lower,M_AUX|log1p|inverse_1_over_bap_plus_0_5|permissive|2km_exact,block30
SK0002A,2024,0.48551416666666664,0.45728406962499996,120,120,lower,M_AUX|log1p|uniform|permissive|2km_exact,block30
SK0002A,2025,0.3338931297709924,0.4031781180839695,131,131,lower,M_AUX|log1p|uniform|permissive|2km_exact,block30
SK0004R,2024,0.2383132530120482,0.23710040418072287,166,166,lower,M_AUX|log1p|uniform|permissive|2km_exact,block30
SK0004R,2025,0.23638787878787879,0.26519412828363637,165,165,lower,M_AUX|log1p|uniform|permissive|2km_exact,block30
SK0006R,2024,0.2191146551724138,0.23889177689655175,116,116,lower,M_AUX|log1p|uniform|permissive|2km_exact,block30
SK0006R,2025,0.30306722689075627,0.24225617593781512,119,119,lower,M_AUX|log1p|uniform|permissive|2km_exact,block30
SK0008A,2024,1.7399993589743592,1.7446346939102564,156,156,higher,M_AUX|log1p|uniform|permissive|2km_exact,block30
SK0008A,2025,1.419208,1.410550011608,125,125,higher,M_AUX|log1p|uniform|permissive|2km_exact,block30
SK0018A,2024,6.173277118644068,4.841861121271187,118,118,higher,M_AUX|log1p|uniform|permissive|2km_exact,block30
SK0018A,2025,5.750974789915967,4.262393692184874,119,119,higher,M_AUX|log1p|uniform|permissive|2km_exact,block30
SK0020A,2024,1.3145647540983607,1.3631625673606558,122,122,higher,M_AUX|log1p|uniform|permissive|2km_exact,block30
SK0020A,2025,1.554148514851485,1.437058485019802,101,101,higher,M_AUX|log1p|uniform|permissive|2km_exact,block30
SK0025A,2024,3.4843,3.4864385808347107,121,121,higher,M_AUX|log1p|uniform|permissive|2km_exact,block30
SK0025A,2025,2.374333333333333,2.2089423855701753,114,114,higher,M_AUX|log1p|uniform|permissive|2km_exact,block30
SK0039A,2024,1.0412450381679388,1.0846357335114505,131,131,higher,M_AUX|log1p|uniform|permissive|2km_exact,block30
SK0039A,2025,1.1465474860335196,1.174692234244134,179,179,higher,M_AUX|log1p|uniform|permissive|2km_exact,block30
SK0045A,2024,0.5517336538461538,0.5279452850576922,104,104,lower,M_AUX|log1p|uniform|permissive|2km_exact,block30
SK0045A,2025,0.4586486486486486,0.5113060078459459,74,74,lower,M_AUX|log1p|uniform|permissive|2km_exact,block30
SK0048A,2024,0.19027164179104478,0.18722033720597014,134,134,lower,M_AUX|log1p|uniform|permissive|2km_exact,block30
SK0048A,2025,0.19674789915966387,0.2644842091789916,119,119,lower,M_AUX|log1p|uniform|permissive|2km_exact,block30
SK0050A,2024,0.9373400000000001,1.0097518683939395,165,165,lower,M_AUX|log1p|uniform|permissive|2km_exact,block30
SK0050A,2025,0.855475,0.8631909785249999,120,120,lower,M_AUX|log1p|uniform|permissive|2km_exact,block30
SK0061A,2024,0.3596550458715596,0.3542810599449541,109,109,lower,M_AUX|log1p|uniform|permissive|2km_exact,block30
SK0061A,2025,0.28588617886178863,0.38050492727967483,123,123,lower,M_AUX|log1p|uniform|permissive|2km_exact,block30
SK0066A,2024,1.408934328358209,1.5188741641417909,134,134,higher,M_AUX|log1p|uniform|permissive|2km_exact,block30
SK0066A,2025,1.2047874015748032,1.1416913705039369,127,127,higher,M_AUX|log1p|uniform|permissive|2km_exact,block30
SK0070A,2024,2.183129166666667,2.291570165125,96,96,higher,M_AUX|log1p|uniform|permissive|2km_exact,block30
SK0070A,2025,1.8754318181818184,1.7467600563749999,88,88,higher,M_AUX|log1p|uniform|permissive|2km_exact,block30
SK0071A,2024,2.0584204918032785,1.9131880436557376,122,122,higher,M_AUX|log1p|uniform|permissive|2km_exact,block30
SK0071A,2025,1.5632685185185184,1.4102428580648148,108,108,higher,M_AUX|log1p|uniform|permissive|2km_exact,block30
SK0076A,2024,0.49729646017699114,0.3719979334424779,113,113,lower,M_AUX|log1p|uniform|permissive|2km_exact,block30
SK0076A,2025,0.39205555555555555,0.4314385031759259,108,108,lower,M_AUX|log1p|uniform|permissive|2km_exact,block30
SK0078A,2024,2.155560344827586,2.0645426960172415,116,116,higher,M_AUX|log1p|uniform|permissive|2km_exact,block30
SK0078A,2025,2.0732371134020617,1.9840353704432987,97,97,higher,M_AUX|log1p|uniform|permissive|2km_exact,block30
SK0214A,2024,1.0126264462809917,1.0459265395950412,121,121,higher,M_AUX|log1p|uniform|permissive|2km_exact,block30
SK0214A,2025,1.1335981308411216,0.9597038926046729,107,107,higher,M_AUX|log1p|uniform|permissive|2km_exact,block30
SK0263A,2024,0.7357486725663717,0.8039435939070796,113,113,lower,M_AUX|log1p|uniform|permissive|2km_exact,block30
SK0263A,2025,0.7383177570093458,0.7697455146308412,107,107,lower,M_AUX|log1p|uniform|permissive|2km_exact,block30
SK0265A,2024,1.7921026785714285,1.7969875500892858,112,112,higher,M_AUX|log1p|uniform|permissive|2km_exact,block30
SK0265A,2025,1.9814957264957265,1.8725455684700854,117,117,higher,M_AUX|log1p|uniform|permissive|2km_exact,block30
SK0269A,2024,0.5201866071428571,0.49003332438303576,112,112,lower,M_AUX|log1p|uniform|permissive|2km_exact,block30
SK0269A,2025,0.46375714285714287,0.4604412965214286,140,140,lower,M_AUX|log1p|uniform|permissive|2km_exact,block30
SK0002A,2024,0.48551416666666664,0.5634431128166667,120,120,lower,PM_XGB|log1p|uniform|permissive|2km_exact,block30
SK0002A,2025,0.3338931297709924,0.3984228146870229,131,131,lower,PM_XGB|log1p|uniform|permissive|2km_exact,block30
SK0004R,2024,0.2383132530120482,0.25716644382289156,166,166,lower,PM_XGB|log1p|uniform|permissive|2km_exact,block30
SK0004R,2025,0.23638787878787879,0.28747582553575757,165,165,lower,PM_XGB|log1p|uniform|permissive|2km_exact,block30
SK0006R,2024,0.2191146551724138,0.2812264186637931,116,116,lower,PM_XGB|log1p|uniform|permissive|2km_exact,block30
SK0006R,2025,0.30306722689075627,0.2366116070672269,119,119,lower,PM_XGB|log1p|uniform|permissive|2km_exact,block30
SK0008A,2024,1.7399993589743592,1.6621924937628205,156,156,higher,PM_XGB|log1p|uniform|permissive|2km_exact,block30
SK0008A,2025,1.419208,1.325659373392,125,125,higher,PM_XGB|log1p|uniform|permissive|2km_exact,block30
SK0018A,2024,6.173277118644068,4.786369871525424,118,118,higher,PM_XGB|log1p|uniform|permissive|2km_exact,block30
SK0018A,2025,5.750974789915967,4.496774776302521,119,119,higher,PM_XGB|log1p|uniform|permissive|2km_exact,block30
SK0020A,2024,1.3145647540983607,1.3209963651311476,122,122,higher,PM_XGB|log1p|uniform|permissive|2km_exact,block30
SK0020A,2025,1.554148514851485,1.366539603811881,101,101,higher,PM_XGB|log1p|uniform|permissive|2km_exact,block30
SK0025A,2024,3.4843,3.6503683969421488,121,121,higher,PM_XGB|log1p|uniform|permissive|2km_exact,block30
SK0025A,2025,2.374333333333333,2.288060331614035,114,114,higher,PM_XGB|log1p|uniform|permissive|2km_exact,block30
SK0039A,2024,1.0412450381679388,1.0920725952030534,131,131,higher,PM_XGB|log1p|uniform|permissive|2km_exact,block30
SK0039A,2025,1.1465474860335196,1.115347379385475,179,179,higher,PM_XGB|log1p|uniform|permissive|2km_exact,block30
SK0045A,2024,0.5517336538461538,0.5746091696634615,104,104,lower,PM_XGB|log1p|uniform|permissive|2km_exact,block30
SK0045A,2025,0.4586486486486486,0.45959079464864866,74,74,lower,PM_XGB|log1p|uniform|permissive|2km_exact,block30
SK0048A,2024,0.19027164179104478,0.25052985061940297,134,134,lower,PM_XGB|log1p|uniform|permissive|2km_exact,block30
SK0048A,2025,0.19674789915966387,0.29087874863613444,119,119,lower,PM_XGB|log1p|uniform|permissive|2km_exact,block30
SK0050A,2024,0.9373400000000001,1.012591531660606,165,165,lower,PM_XGB|log1p|uniform|permissive|2km_exact,block30
SK0050A,2025,0.855475,0.8431285059583333,120,120,lower,PM_XGB|log1p|uniform|permissive|2km_exact,block30
SK0061A,2024,0.3596550458715596,0.383141754266055,109,109,lower,PM_XGB|log1p|uniform|permissive|2km_exact,block30
SK0061A,2025,0.28588617886178863,0.3934516522113821,123,123,lower,PM_XGB|log1p|uniform|permissive|2km_exact,block30
SK0066A,2024,1.408934328358209,1.476696685024627,134,134,higher,PM_XGB|log1p|uniform|permissive|2km_exact,block30
SK0066A,2025,1.2047874015748032,1.026092320055118,127,127,higher,PM_XGB|log1p|uniform|permissive|2km_exact,block30
SK0070A,2024,2.183129166666667,2.2269612019791665,96,96,higher,PM_XGB|log1p|uniform|permissive|2km_exact,block30
SK0070A,2025,1.8754318181818184,1.7127453006022726,88,88,higher,PM_XGB|log1p|uniform|permissive|2km_exact,block30
SK0071A,2024,2.0584204918032785,1.9867629370081965,122,122,higher,PM_XGB|log1p|uniform|permissive|2km_exact,block30
SK0071A,2025,1.5632685185185184,1.3486745061574072,108,108,higher,PM_XGB|log1p|uniform|permissive|2km_exact,block30
SK0076A,2024,0.49729646017699114,0.4082567868495575,113,113,lower,PM_XGB|log1p|uniform|permissive|2km_exact,block30
SK0076A,2025,0.39205555555555555,0.5466408556574074,108,108,lower,PM_XGB|log1p|uniform|permissive|2km_exact,block30
SK0078A,2024,2.155560344827586,2.1731824751034483,116,116,higher,PM_XGB|log1p|uniform|permissive|2km_exact,block30
SK0078A,2025,2.0732371134020617,1.9437055938041239,97,97,higher,PM_XGB|log1p|uniform|permissive|2km_exact,block30
SK0214A,2024,1.0126264462809917,1.1682291131487603,121,121,higher,PM_XGB|log1p|uniform|permissive|2km_exact,block30
SK0214A,2025,1.1335981308411216,1.0248747127850468,107,107,higher,PM_XGB|log1p|uniform|permissive|2km_exact,block30
SK0263A,2024,0.7357486725663717,0.836034654619469,113,113,lower,PM_XGB|log1p|uniform|permissive|2km_exact,block30
SK0263A,2025,0.7383177570093458,0.6911225021121495,107,107,lower,PM_XGB|log1p|uniform|permissive|2km_exact,block30
SK0265A,2024,1.7921026785714285,1.8649551179553572,112,112,higher,PM_XGB|log1p|uniform|permissive|2km_exact,block30
SK0265A,2025,1.9814957264957265,1.8267216156068375,117,117,higher,PM_XGB|log1p|uniform|permissive|2km_exact,block30
SK0269A,2024,0.5201866071428571,0.5450510198660714,112,112,lower,PM_XGB|log1p|uniform|permissive|2km_exact,block30
SK0269A,2025,0.46375714285714287,0.5686216988071429,140,140,lower,PM_XGB|log1p|uniform|permissive|2km_exact,block30
