method,protocol,estimand,support,period,scope,n,n_stations,RMSE,MAE,bias,agreement_R2
FULL_ID|log1p|uniform|permissive|2km_exact,block30,daily,all_expected_targets,all_period,all_network,6462,21,1.4443738741336651,0.4784635430774374,-0.11688181324432063,0.6984251903409173
FULL_ID|log1p|uniform|permissive|2km_exact,block30,daily,all_expected_targets,all_period,nonindustrial,6150,20,0.8397312617336323,0.33892531064331705,-0.059906290747121956,0.836025734515984
FULL_ID|log1p|uniform|permissive|2km_exact,block30,daily,all_expected_targets,all_period,industrial_descriptive,312,1,5.41379506614347,3.228976778557693,-1.2399570163141025,0.22679482280644747
FULL_ID|log1p|uniform|permissive|2km_exact,block30,daily,all_expected_targets,all_period,nonindustrial_higher,2394,10,0.96313187312662,0.49265088613475366,-0.0440358767663325,0.8542074726209576
FULL_ID|log1p|uniform|permissive|2km_exact,block30,daily,all_expected_targets,all_period,nonindustrial_lower,2458,10,0.38072427069209136,0.16640515462790884,0.004752824501464607,0.7360355646457493
FULL_ID|log1p|uniform|permissive|2km_exact,block30,daily,all_expected_targets,primary_2024_2025,all_network,5089,21,1.3585779482305553,0.4652142645847907,-0.0760771502778542,0.713330845645187
FULL_ID|log1p|uniform|permissive|2km_exact,block30,daily,all_expected_targets,primary_2024_2025,nonindustrial,4852,20,0.7287832974255112,0.32737635850824404,-0.01931975398887057,0.8605489065440999
FULL_ID|log1p|uniform|permissive|2km_exact,block30,daily,all_expected_targets,primary_2024_2025,industrial_descriptive,237,1,5.362757012517605,3.28711097464135,-1.238047136751055,0.2312719382864884
FULL_ID|log1p|uniform|permissive|2km_exact,block30,daily,all_expected_targets,primary_2024_2025,nonindustrial_higher,2394,10,0.96313187312662,0.49265088613475366,-0.0440358767663325,0.8542074726209576
FULL_ID|log1p|uniform|permissive|2km_exact,block30,daily,all_expected_targets,primary_2024_2025,nonindustrial_lower,2458,10,0.38072427069209136,0.16640515462790884,0.004752824501464607,0.7360355646457493
FULL_ID|log1p|uniform|permissive|2km_exact,block30,sampled_date_station_year_mean,all_sampled_dates,primary_2024_2025,all_network,42,21,0.2815798058750763,0.1188448465230503,-0.08092845529583381,0.9518363001781269
FULL_ID|log1p|uniform|permissive|2km_exact,block30,sampled_date_station_year_mean,all_sampled_dates,primary_2024_2025,nonindustrial,40,20,0.08129996766926545,0.0628879835528419,-0.023075772764264584,0.9888903527500453
FULL_ID|log1p|uniform|permissive|2km_exact,block30,sampled_date_station_year_mean,all_sampled_dates,primary_2024_2025,industrial_descriptive,2,1,1.2380780402499216,1.2379821059272182,-1.2379821059272182,-33.38025392346273
FULL_ID|log1p|uniform|permissive|2km_exact,block30,sampled_date_station_year_mean,all_sampled_dates,primary_2024_2025,nonindustrial_higher,20,10,0.10163580241656994,0.08332464906366806,-0.04945561240196808,0.9686252015276787
FULL_ID|log1p|uniform|permissive|2km_exact,block30,sampled_date_station_year_mean,all_sampled_dates,primary_2024_2025,nonindustrial_lower,20,10,0.05375437799088716,0.042451318042015754,0.00330406687343891,0.9381650795694223
G_PLUS_P|identity|uniform|permissive|500m,block30,daily,all_expected_targets,all_period,all_network,6462,21,1.4778279771084148,0.5433923633505194,0.051509391000207995,0.6842934576248103
G_PLUS_P|identity|uniform|permissive|500m,block30,daily,all_expected_targets,all_period,nonindustrial,6150,20,0.8620027615663367,0.3928806777204969,0.06503167995989333,0.8272124823205015
G_PLUS_P|identity|uniform|permissive|500m,block30,daily,all_expected_targets,all_period,industrial_descriptive,312,1,5.530538758282252,3.5102092435576915,-0.2150357279166665,0.19308830524823173
G_PLUS_P|identity|uniform|permissive|500m,block30,daily,all_expected_targets,all_period,nonindustrial_higher,2394,10,1.0803307697705091,0.5694428586725981,0.1309651978278195,0.8165670942978462
G_PLUS_P|identity|uniform|permissive|500m,block30,daily,all_expected_targets,all_period,nonindustrial_lower,2458,10,0.47686968296975824,0.23038802755296584,0.09051354242246135,0.5858823734104356
G_PLUS_P|identity|uniform|permissive|500m,block30,daily,all_expected_targets,primary_2024_2025,all_network,5089,21,1.4291330257493173,0.5427285734304167,0.09413234410968954,0.6827824883664427
G_PLUS_P|identity|uniform|permissive|500m,block30,daily,all_expected_targets,primary_2024_2025,nonindustrial,4852,20,0.8313014142815193,0.39767930242938787,0.11047258262040603,0.8185561964670045
G_PLUS_P|identity|uniform|permissive|500m,block30,daily,all_expected_targets,primary_2024_2025,industrial_descriptive,237,1,5.4505248804270225,3.5122604843881855,-0.24039439535864973,0.2059037431766445
G_PLUS_P|identity|uniform|permissive|500m,block30,daily,all_expected_targets,primary_2024_2025,nonindustrial_higher,2394,10,1.0803307697705091,0.5694428586725981,0.1309651978278195,0.8165670942978462
G_PLUS_P|identity|uniform|permissive|500m,block30,daily,all_expected_targets,primary_2024_2025,nonindustrial_lower,2458,10,0.47686968296975824,0.23038802755296584,0.09051354242246135,0.5858823734104356
G_PLUS_P|identity|uniform|permissive|500m,block30,sampled_date_station_year_mean,all_sampled_dates,primary_2024_2025,all_network,42,21,0.1654458136486774,0.12964073820079097,0.093412793555831,0.9833724449024761
G_PLUS_P|identity|uniform|permissive|500m,block30,sampled_date_station_year_mean,all_sampled_dates,primary_2024_2025,nonindustrial,40,20,0.15262175337160666,0.12415098846380727,0.11005521988064577,0.9608481398290475
G_PLUS_P|identity|uniform|permissive|500m,block30,sampled_date_station_year_mean,all_sampled_dates,primary_2024_2025,industrial_descriptive,2,1,0.33007676423350385,0.23943573294046416,-0.23943573294046416,-1.4436721832703512
G_PLUS_P|identity|uniform|permissive|500m,block30,sampled_date_station_year_mean,all_sampled_dates,primary_2024_2025,nonindustrial_higher,20,10,0.1846808567963108,0.14865648040802712,0.1280251792621406,0.8964067959101814
G_PLUS_P|identity|uniform|permissive|500m,block30,sampled_date_station_year_mean,all_sampled_dates,primary_2024_2025,nonindustrial_lower,20,10,0.11171293719810432,0.09964549651958746,0.09208526049915093,0.7329374043330324
G_PLUS_P|identity|uniform|permissive|500m,loso,daily,all_expected_targets,all_period,all_network,6462,21,1.9117338907581976,0.7038702725446813,-0.09924618978578308,0.47168773593436764
G_PLUS_P|identity|uniform|permissive|500m,loso,daily,all_expected_targets,all_period,nonindustrial,6150,20,0.9778194493588873,0.49810042147540323,0.1315314243015073,0.7776626659718954
G_PLUS_P|identity|uniform|permissive|500m,loso,daily,all_expected_targets,all_period,industrial_descriptive,312,1,7.539774353590283,4.759910606121794,-4.648228005929487,-0.49971186299605086
G_PLUS_P|identity|uniform|permissive|500m,loso,daily,all_expected_targets,all_period,nonindustrial_higher,2394,10,1.0466878141569336,0.5822080554817795,0.04068728036450293,0.8278138997073051
G_PLUS_P|identity|uniform|permissive|500m,loso,daily,all_expected_targets,all_period,nonindustrial_lower,2458,10,0.8441893556484266,0.43677639436600896,0.2842544743158462,-0.29778883628184927
G_PLUS_P|identity|uniform|permissive|500m,loso,daily,all_expected_targets,primary_2024_2025,all_network,5089,21,1.8940857101357442,0.716664171818045,-0.06960355728945367,0.44280001208654185
G_PLUS_P|identity|uniform|permissive|500m,loso,daily,all_expected_targets,primary_2024_2025,nonindustrial,4852,20,0.9495157802770657,0.5085330713468734,0.16407725619558325,0.7632829847903253
G_PLUS_P|identity|uniform|permissive|500m,loso,daily,all_expected_targets,primary_2024_2025,industrial_descriptive,237,1,7.653528204929366,4.977643494544305,-4.853651266274262,-0.5657408052464985
G_PLUS_P|identity|uniform|permissive|500m,loso,daily,all_expected_targets,primary_2024_2025,nonindustrial_higher,2394,10,1.0466878141569336,0.5822080554817795,0.04068728036450293,0.8278138997073051
G_PLUS_P|identity|uniform|permissive|500m,loso,daily,all_expected_targets,primary_2024_2025,nonindustrial_lower,2458,10,0.8441893556484266,0.43677639436600896,0.2842544743158462,-0.29778883628184927
G_PLUS_P|identity|uniform|permissive|500m,loso,sampled_date_station_year_mean,all_sampled_dates,primary_2024_2025,all_network,42,21,1.1400627804352648,0.48790473045970184,-0.08252387753641913,0.21045958484374672
G_PLUS_P|identity|uniform|permissive|500m,loso,sampled_date_station_year_mean,all_sampled_dates,primary_2024_2025,nonindustrial,40,20,0.4282009932961642,0.2695659179002219,0.15608397766922502,0.6918126101987889
G_PLUS_P|identity|uniform|permissive|500m,loso,sampled_date_station_year_mean,all_sampled_dates,primary_2024_2025,industrial_descriptive,2,1,4.860811063681975,4.854680981649302,-4.854680981649302,-528.9446597289581
G_PLUS_P|identity|uniform|permissive|500m,loso,sampled_date_station_year_mean,all_sampled_dates,primary_2024_2025,nonindustrial_higher,20,10,0.26329530139119744,0.22766816046874955,0.023783087862620567,0.7894410421617164
G_PLUS_P|identity|uniform|permissive|500m,loso,sampled_date_station_year_mean,all_sampled_dates,primary_2024_2025,nonindustrial_lower,20,10,0.5453327109068021,0.31146367533169417,0.2883848674758295,-5.36398609986194
G_PLUS_P|log1p|uniform|permissive|500m,block30,daily,all_expected_targets,all_period,all_network,6462,21,1.4450795279404085,0.47938650026477875,-0.11537645503571652,0.6981304475459096
G_PLUS_P|log1p|uniform|permissive|500m,block30,daily,all_expected_targets,all_period,nonindustrial,6150,20,0.8419958703682243,0.3408910929513821,-0.05462754063427642,0.8351401220095296
G_PLUS_P|log1p|uniform|permissive|500m,block30,daily,all_expected_targets,all_period,industrial_descriptive,312,1,5.410761166864216,3.209344048269231,-1.3128310177564104,0.2276611907788889
G_PLUS_P|log1p|uniform|permissive|500m,block30,daily,all_expected_targets,all_period,nonindustrial_higher,2394,10,0.9746518480963506,0.49515050999456983,-0.03055535400459483,0.8506989797954083
G_PLUS_P|log1p|uniform|permissive|500m,block30,daily,all_expected_targets,all_period,nonindustrial_lower,2458,10,0.3904488975875481,0.17482118620093573,0.005011431872375914,0.7223787583788253
G_PLUS_P|log1p|uniform|permissive|500m,block30,daily,all_expected_targets,primary_2024_2025,all_network,5089,21,1.371436572543209,0.46941183151481625,-0.07494177323142072,0.7078786515504628
G_PLUS_P|log1p|uniform|permissive|500m,block30,daily,all_expected_targets,primary_2024_2025,nonindustrial,4852,20,0.7388765957420976,0.33287320622607175,-0.01253739034309563,0.8566594973334225
G_PLUS_P|log1p|uniform|permissive|500m,block30,daily,all_expected_targets,primary_2024_2025,industrial_descriptive,237,1,5.404597108070753,3.2647089197046415,-1.3525201098312238,0.21922995111547805
G_PLUS_P|log1p|uniform|permissive|500m,block30,daily,all_expected_targets,primary_2024_2025,nonindustrial_higher,2394,10,0.9746518480963506,0.49515050999456983,-0.03055535400459483,0.8506989797954083
G_PLUS_P|log1p|uniform|permissive|500m,block30,daily,all_expected_targets,primary_2024_2025,nonindustrial_lower,2458,10,0.3904488975875481,0.17482118620093573,0.005011431872375914,0.7223787583788253
G_PLUS_P|log1p|uniform|permissive|500m,block30,sampled_date_station_year_mean,all_sampled_dates,primary_2024_2025,all_network,42,21,0.30339630937441636,0.11657659660289446,-0.07970603644845206,0.9440838298487328
G_PLUS_P|log1p|uniform|permissive|500m,block30,sampled_date_station_year_mean,all_sampled_dates,primary_2024_2025,nonindustrial,40,20,0.07195957427051079,0.054783563684730543,-0.01606947552256603,0.9912964446731427
G_PLUS_P|log1p|uniform|permissive|500m,block30,sampled_date_station_year_mean,all_sampled_dates,primary_2024_2025,industrial_descriptive,2,1,1.3525798034860954,1.3524372549661727,-1.3524372549661727,-40.03352581188973
G_PLUS_P|log1p|uniform|permissive|500m,block30,sampled_date_station_year_mean,all_sampled_dates,primary_2024_2025,nonindustrial_higher,20,10,0.0838442123423272,0.06618999295884881,-0.03531236246191144,0.9786482398264299
G_PLUS_P|log1p|uniform|permissive|500m,block30,sampled_date_station_year_mean,all_sampled_dates,primary_2024_2025,nonindustrial_lower,20,10,0.057675893708559606,0.04337713441061225,0.003173411416779383,0.9288139672383483
G_PLUS_P|log1p|uniform|permissive|500m,calendar_season_out,daily,all_expected_targets,all_period,all_network,6462,21,1.5273454720476325,0.5363433836364283,-0.1438154038902507,0.6627822881015972
G_PLUS_P|log1p|uniform|permissive|500m,calendar_season_out,daily,all_expected_targets,all_period,nonindustrial,6150,20,0.9789912578131126,0.40327207091521955,-0.07574982339004879,0.7771294532604399
G_PLUS_P|log1p|uniform|permissive|500m,calendar_season_out,daily,all_expected_targets,all_period,industrial_descriptive,312,1,5.424346989666559,3.1593836824679484,-1.4854927118269232,0.22377780687610027
G_PLUS_P|log1p|uniform|permissive|500m,calendar_season_out,daily,all_expected_targets,all_period,nonindustrial_higher,2394,10,1.1707348420228165,0.6012630464527986,-0.09749595248287383,0.7845825695942954
G_PLUS_P|log1p|uniform|permissive|500m,calendar_season_out,daily,all_expected_targets,all_period,nonindustrial_lower,2458,10,0.429640686476082,0.2025862651462856,0.020630020222388117,0.663848468727328
G_PLUS_P|log1p|uniform|permissive|500m,calendar_season_out,daily,all_expected_targets,primary_2024_2025,all_network,5089,21,1.4428439959337642,0.5318904789089349,-0.10585601582381017,0.6766665797092866
G_PLUS_P|log1p|uniform|permissive|500m,calendar_season_out,daily,all_expected_targets,primary_2024_2025,nonindustrial,4852,20,0.8773730534170333,0.39929529532926006,-0.037653899533670654,0.7978872616188746
G_PLUS_P|log1p|uniform|permissive|500m,calendar_season_out,daily,all_expected_targets,primary_2024_2025,industrial_descriptive,237,1,5.379788968880501,3.246455165527426,-1.5021288775949366,0.22638126948706572
G_PLUS_P|log1p|uniform|permissive|500m,calendar_season_out,daily,all_expected_targets,primary_2024_2025,nonindustrial_higher,2394,10,1.1707348420228165,0.6012630464527986,-0.09749595248287383,0.7845825695942954
G_PLUS_P|log1p|uniform|permissive|500m,calendar_season_out,daily,all_expected_targets,primary_2024_2025,nonindustrial_lower,2458,10,0.429640686476082,0.2025862651462856,0.020630020222388117,0.663848468727328
G_PLUS_P|log1p|uniform|permissive|500m,loso,daily,all_expected_targets,all_period,all_network,6462,21,1.9385195264219797,0.6448393482657676,-0.2720809427366434,0.45677947154639453
G_PLUS_P|log1p|uniform|permissive|500m,loso,daily,all_expected_targets,all_period,nonindustrial,6150,20,0.9022832298935916,0.42194075687765537,-0.03219788186802928,0.8106868324061
G_PLUS_P|log1p|uniform|permissive|500m,loso,daily,all_expected_targets,all_period,industrial_descriptive,312,1,7.860251897241969,5.038513505435288,-5.000545123319903,-0.6299116260159863
G_PLUS_P|log1p|uniform|permissive|500m,loso,daily,all_expected_targets,all_period,nonindustrial_higher,2394,10,1.032748910066382,0.5437220164172932,-0.14978341740392648,0.8323694211333379
G_PLUS_P|log1p|uniform|permissive|500m,loso,daily,all_expected_targets,all_period,nonindustrial_lower,2458,10,0.572434147169779,0.30348265923211554,0.1424566557109276,0.40327345775996404
G_PLUS_P|log1p|uniform|permissive|500m,loso,daily,all_expected_targets,primary_2024_2025,all_network,5089,21,1.903128319277684,0.6473994699195029,-0.24494604441193754,0.4374670231926352
G_PLUS_P|log1p|uniform|permissive|500m,loso,daily,all_expected_targets,primary_2024_2025,nonindustrial,4852,20,0.8320170939613196,0.4220179067797898,-0.0017359937196084134,0.8182436466786748
G_PLUS_P|log1p|uniform|permissive|500m,loso,daily,all_expected_targets,primary_2024_2025,industrial_descriptive,237,1,7.974915050627352,5.261540163395823,-5.224081765758692,-0.69999884854878
G_PLUS_P|log1p|uniform|permissive|500m,loso,daily,all_expected_targets,primary_2024_2025,nonindustrial_higher,2394,10,1.032748910066382,0.5437220164172932,-0.14978341740392648,0.8323694211333379
G_PLUS_P|log1p|uniform|permissive|500m,loso,daily,all_expected_targets,primary_2024_2025,nonindustrial_lower,2458,10,0.572434147169779,0.30348265923211554,0.1424566557109276,0.40327345775996404
G_PLUS_P|log1p|uniform|permissive|500m,loso,sampled_date_station_year_mean,all_sampled_dates,primary_2024_2025,all_network,42,21,1.17905709829506,0.48712411656303967,-0.2685537337939425,0.1555255679583678
G_PLUS_P|log1p|uniform|permissive|500m,loso,sampled_date_station_year_mean,all_sampled_dates,primary_2024_2025,nonindustrial,40,20,0.3022490695124803,0.25022270364934546,-0.020723801741793266,0.8464501244174628
G_PLUS_P|log1p|uniform|permissive|500m,loso,sampled_date_station_year_mean,all_sampled_dates,primary_2024_2025,industrial_descriptive,2,1,5.231309440418918,5.2251523748369255,-5.2251523748369255,-612.8098575696151
G_PLUS_P|log1p|uniform|permissive|500m,loso,sampled_date_station_year_mean,all_sampled_dates,primary_2024_2025,nonindustrial_higher,20,10,0.32054587972691206,0.2865167692477284,-0.17768671925123294,0.6879185881164518
G_PLUS_P|log1p|uniform|permissive|500m,loso,sampled_date_station_year_mean,all_sampled_dates,primary_2024_2025,nonindustrial_lower,20,10,0.2827708242241769,0.21392863805096254,0.13623911576764644,-0.7110997191008954
G_PLUS_P|log1p|uniform|permissive|500m,season_year_out,daily,all_expected_targets,all_period,all_network,5784,21,1.4195818854180775,0.5075158959890284,-0.1020160914674516,0.7131581016533408
G_PLUS_P|log1p|uniform|permissive|500m,season_year_out,daily,all_expected_targets,all_period,nonindustrial,5511,20,0.901183281644366,0.3804531816840029,-0.041494080977633824,0.823557249689227
G_PLUS_P|log1p|uniform|permissive|500m,season_year_out,daily,all_expected_targets,all_period,industrial_descriptive,273,1,5.128507838517743,3.0725071726739928,-1.3237626109157508,0.2664563370330413
G_PLUS_P|log1p|uniform|permissive|500m,season_year_out,daily,all_expected_targets,all_period,nonindustrial_higher,2369,10,1.0101145917812009,0.5124515076538625,-0.0004034868138455021,0.8372494615806141
G_PLUS_P|log1p|uniform|permissive|500m,season_year_out,daily,all_expected_targets,all_period,nonindustrial_lower,2379,10,0.4025062992840822,0.17768690816205968,0.017590905367490542,0.6978879911061111
G_PLUS_P|log1p|uniform|permissive|500m,season_year_out,daily,all_expected_targets,primary_2024_2025,all_network,4975,21,1.344003057532061,0.4731245784863397,-0.053059026109093466,0.7127747381293759
G_PLUS_P|log1p|uniform|permissive|500m,season_year_out,daily,all_expected_targets,primary_2024_2025,nonindustrial,4748,20,0.7682887017612278,0.34471667568440184,0.008612658720989886,0.8438055454597901
G_PLUS_P|log1p|uniform|permissive|500m,season_year_out,daily,all_expected_targets,primary_2024_2025,industrial_descriptive,227,1,5.21940308286964,3.158942739295154,-1.3430024603524227,0.24992168971702777
G_PLUS_P|log1p|uniform|permissive|500m,season_year_out,daily,all_expected_targets,primary_2024_2025,nonindustrial_higher,2369,10,1.0101145917812009,0.5124515076538625,-0.0004034868138455021,0.8372494615806141
G_PLUS_P|log1p|uniform|permissive|500m,season_year_out,daily,all_expected_targets,primary_2024_2025,nonindustrial_lower,2379,10,0.4025062992840822,0.17768690816205968,0.017590905367490542,0.6978879911061111
G_PLUS_P|log1p|uniform|permissive|500m,year_out,daily,all_expected_targets,all_period,all_network,5089,21,1.450011682200291,0.5071419436317547,-0.04309592730713303,0.6734461220134735
G_PLUS_P|log1p|uniform|permissive|500m,year_out,daily,all_expected_targets,all_period,nonindustrial,4852,20,0.8098333764616926,0.367116616014427,0.017235922335943937,0.8278066218961919
G_PLUS_P|log1p|uniform|permissive|500m,year_out,daily,all_expected_targets,all_period,industrial_descriptive,237,1,5.63207633620357,3.373820802700422,-1.278244174008439,0.1521216206197853
G_PLUS_P|log1p|uniform|permissive|500m,year_out,daily,all_expected_targets,all_period,nonindustrial_higher,2394,10,1.0665967454243683,0.5439600220568087,0.012673761879699253,0.8212013388603173
G_PLUS_P|log1p|uniform|permissive|500m,year_out,daily,all_expected_targets,all_period,nonindustrial_lower,2458,10,0.43194487213976107,0.1948777575663141,0.02167929586411717,0.6602332034382876
G_PLUS_P|log1p|uniform|permissive|500m,year_out,daily,all_expected_targets,primary_2024_2025,all_network,5089,21,1.450011682200291,0.5071419436317547,-0.04309592730713303,0.6734461220134735
G_PLUS_P|log1p|uniform|permissive|500m,year_out,daily,all_expected_targets,primary_2024_2025,nonindustrial,4852,20,0.8098333764616926,0.367116616014427,0.017235922335943937,0.8278066218961919
G_PLUS_P|log1p|uniform|permissive|500m,year_out,daily,all_expected_targets,primary_2024_2025,industrial_descriptive,237,1,5.63207633620357,3.373820802700422,-1.278244174008439,0.1521216206197853
G_PLUS_P|log1p|uniform|permissive|500m,year_out,daily,all_expected_targets,primary_2024_2025,nonindustrial_higher,2394,10,1.0665967454243683,0.5439600220568087,0.012673761879699253,0.8212013388603173
G_PLUS_P|log1p|uniform|permissive|500m,year_out,daily,all_expected_targets,primary_2024_2025,nonindustrial_lower,2458,10,0.43194487213976107,0.1948777575663141,0.02167929586411717,0.6602332034382876
G_PLUS_P|log1p|uniform|strict18|500m,block30,daily,all_expected_targets,all_period,all_network,6462,21,1.4582086456513021,0.48455070320784593,-0.11006431701805941,0.6926203219149332
G_PLUS_P|log1p|uniform|strict18|500m,block30,daily,all_expected_targets,all_period,nonindustrial,6150,20,0.8633141959635567,0.3472213018128618,-0.05017282657409756,0.826686331184429
G_PLUS_P|log1p|uniform|strict18|500m,block30,daily,all_expected_targets,all_period,industrial_descriptive,312,1,5.417491165115826,3.1915244807051284,-1.2906177344230767,0.22573869918992417
G_PLUS_P|log1p|uniform|strict18|500m,block30,daily,all_expected_targets,all_period,nonindustrial_higher,2394,10,1.0285051239689151,0.5118585422234754,-0.0222296340497076,0.8337442503678699
G_PLUS_P|log1p|uniform|strict18|500m,block30,daily,all_expected_targets,all_period,nonindustrial_lower,2458,10,0.39071580693222996,0.17223849885471929,0.0048702691320179,0.7219990670478307
G_PLUS_P|log1p|uniform|strict18|500m,block30,daily,all_expected_targets,primary_2024_2025,all_network,5089,21,1.3806991398456794,0.47432620282921995,-0.06775689388455493,0.7039194002715274
G_PLUS_P|log1p|uniform|strict18|500m,block30,daily,all_expected_targets,primary_2024_2025,nonindustrial,4852,20,0.7741259987377644,0.3398086521574402,-0.008500952676937342,0.8426566439618234
G_PLUS_P|log1p|uniform|strict18|500m,block30,daily,all_expected_targets,primary_2024_2025,industrial_descriptive,237,1,5.353988521375264,3.2282466916877635,-1.2808785256962025,0.23378373381066087
G_PLUS_P|log1p|uniform|strict18|500m,block30,daily,all_expected_targets,primary_2024_2025,nonindustrial_higher,2394,10,1.0285051239689151,0.5118585422234754,-0.0222296340497076,0.8337442503678699
G_PLUS_P|log1p|uniform|strict18|500m,block30,daily,all_expected_targets,primary_2024_2025,nonindustrial_lower,2458,10,0.39071580693222996,0.17223849885471929,0.0048702691320179,0.7219990670478307
G_PLUS_P|log1p|uniform|strict18|500m,block30,sampled_date_station_year_mean,all_sampled_dates,primary_2024_2025,all_network,42,21,0.29238036401122725,0.12212796178776968,-0.07020422543749152,0.9480706082708168
G_PLUS_P|log1p|uniform|strict18|500m,block30,sampled_date_station_year_mean,all_sampled_dates,primary_2024_2025,nonindustrial,40,20,0.08502614357891937,0.0642126730906427,-0.009692749922850647,0.9878486511979665
G_PLUS_P|log1p|uniform|strict18|500m,block30,sampled_date_station_year_mean,all_sampled_dates,primary_2024_2025,industrial_descriptive,2,1,1.2847657065037315,1.280433735730309,-1.280433735730309,-36.02208812059766
G_PLUS_P|log1p|uniform|strict18|500m,block30,sampled_date_station_year_mean,all_sampled_dates,primary_2024_2025,nonindustrial_higher,20,10,0.10546446852252762,0.08651273212328972,-0.022739752856528805,0.9662168733607851
G_PLUS_P|log1p|uniform|strict18|500m,block30,sampled_date_station_year_mean,all_sampled_dates,primary_2024_2025,nonindustrial_lower,20,10,0.05775929417043462,0.04191261405799567,0.0033542530108275096,0.9286079456199429
G_PLUS_P|log1p|uniform|strict18|500m,loso,daily,all_expected_targets,all_period,all_network,6462,21,1.9387387255083373,0.6410848935339399,-0.27115779451784583,0.45665661472287555
G_PLUS_P|log1p|uniform|strict18|500m,loso,daily,all_expected_targets,all_period,nonindustrial,6150,20,0.9114589839542595,0.41856465941639676,-0.03281639124371382,0.806816819825644
G_PLUS_P|log1p|uniform|strict18|500m,loso,daily,all_expected_targets,all_period,industrial_descriptive,312,1,7.84047920127738,5.027301046812435,-4.969233532132948,-0.6217217581781453
G_PLUS_P|log1p|uniform|strict18|500m,loso,daily,all_expected_targets,all_period,nonindustrial_higher,2394,10,1.0234521819186642,0.5380034916220343,-0.15696947790440685,0.8353738330175631
G_PLUS_P|log1p|uniform|strict18|500m,loso,daily,all_expected_targets,all_period,nonindustrial_lower,2458,10,0.5816363959183641,0.3009741298615541,0.1453285369846623,0.3839337184820263
G_PLUS_P|log1p|uniform|strict18|500m,loso,daily,all_expected_targets,primary_2024_2025,all_network,5089,21,1.8993258227310443,0.6435310061666987,-0.24606793545182357,0.4397126865705796
G_PLUS_P|log1p|uniform|strict18|500m,loso,daily,all_expected_targets,primary_2024_2025,nonindustrial,4852,20,0.8295785742133278,0.41792555031798223,-0.003826749009655818,0.8193074876958383
G_PLUS_P|log1p|uniform|strict18|500m,loso,daily,all_expected_targets,primary_2024_2025,industrial_descriptive,237,1,7.9606377558141626,5.262255359660253,-5.20536851189654,-0.6939173647068908
G_PLUS_P|log1p|uniform|strict18|500m,loso,daily,all_expected_targets,primary_2024_2025,nonindustrial_higher,2394,10,1.0234521819186642,0.5380034916220343,-0.15696947790440685,0.8353738330175631
G_PLUS_P|log1p|uniform|strict18|500m,loso,daily,all_expected_targets,primary_2024_2025,nonindustrial_lower,2458,10,0.5816363959183641,0.3009741298615541,0.1453285369846623,0.3839337184820263
G_PLUS_P|log1p|uniform|strict18|500m,loso,sampled_date_station_year_mean,all_sampled_dates,primary_2024_2025,all_network,42,21,1.173360272404881,0.46667671850395914,-0.26490519494910764,0.16366631302635415
G_PLUS_P|log1p|uniform|strict18|500m,loso,sampled_date_station_year_mean,all_sampled_dates,primary_2024_2025,nonindustrial,40,20,0.29505933531528955,0.2296887243030886,-0.017828624570494507,0.8536683588773488
G_PLUS_P|log1p|uniform|strict18|500m,loso,sampled_date_station_year_mean,all_sampled_dates,primary_2024_2025,industrial_descriptive,2,1,5.212586755046401,5.206436602521368,-5.206436602521368,-608.4241090589262
G_PLUS_P|log1p|uniform|strict18|500m,loso,sampled_date_station_year_mean,all_sampled_dates,primary_2024_2025,nonindustrial_higher,20,10,0.2841518315973951,0.25446907980419825,-0.1797174893171681,0.7547616282824946
G_PLUS_P|log1p|uniform|strict18|500m,loso,sampled_date_station_year_mean,all_sampled_dates,primary_2024_2025,nonindustrial_lower,20,10,0.305577746757264,0.20490836880197896,0.1440602401761791,-0.9982488557888576
G|log1p|uniform|permissive|500m,block30,daily,all_expected_targets,all_period,all_network,6462,21,1.7269313210516803,0.5914002804908636,-0.1618267318017889,0.5688921346756189
G|log1p|uniform|permissive|500m,block30,daily,all_expected_targets,all_period,nonindustrial,6150,20,1.1784233728416054,0.44932857017755445,-0.08713185574685527,0.6770779159978155
G|log1p|uniform|permissive|500m,block30,daily,all_expected_targets,all_period,industrial_descriptive,312,1,5.864707954686838,3.391852262628205,-1.6341776540384614,0.0926310573892668
G|log1p|uniform|permissive|500m,block30,daily,all_expected_targets,all_period,nonindustrial_higher,2394,10,1.4098643475753183,0.6820494026807435,-0.08733879042928155,0.6875946873426017
G|log1p|uniform|permissive|500m,block30,daily,all_expected_targets,all_period,nonindustrial_lower,2458,10,0.4374008400008811,0.19968875454567128,0.008430022544157853,0.6515956925052688
G|log1p|uniform|permissive|500m,block30,daily,all_expected_targets,primary_2024_2025,all_network,5089,21,1.6228803317138032,0.5785830366930556,-0.11642079529065827,0.5909420505044425
G|log1p|uniform|permissive|500m,block30,daily,all_expected_targets,primary_2024_2025,nonindustrial,4852,20,1.0381092666685159,0.4376878047590603,-0.03882276769871393,0.7170489967797598
G|log1p|uniform|permissive|500m,block30,daily,all_expected_targets,primary_2024_2025,industrial_descriptive,237,1,5.872860703656618,3.4630710761181436,-1.7050521449789031,0.0780743542818586
G|log1p|uniform|permissive|500m,block30,daily,all_expected_targets,primary_2024_2025,nonindustrial_higher,2394,10,1.4098643475753183,0.6820494026807435,-0.08733879042928155,0.6875946873426017
G|log1p|uniform|permissive|500m,block30,daily,all_expected_targets,primary_2024_2025,nonindustrial_lower,2458,10,0.4374008400008811,0.19968875454567128,0.008430022544157853,0.6515956925052688
G|log1p|uniform|permissive|500m,block30,sampled_date_station_year_mean,all_sampled_dates,primary_2024_2025,all_network,42,21,0.3874575276922491,0.1599498301811224,-0.12025375250522102,0.9088062580266227
G|log1p|uniform|permissive|500m,block30,sampled_date_station_year_mean,all_sampled_dates,primary_2024_2025,nonindustrial,40,20,0.10090551607710117,0.08265309930013438,-0.04097221774043793,0.9828860862210703
G|log1p|uniform|permissive|500m,block30,sampled_date_station_year_mean,all_sampled_dates,primary_2024_2025,industrial_descriptive,2,1,1.7172511719540233,1.7058844478008832,-1.7058844478008832,-65.14251151828942
G|log1p|uniform|permissive|500m,block30,sampled_date_station_year_mean,all_sampled_dates,primary_2024_2025,nonindustrial_higher,20,10,0.12492564627005372,0.10900008455526602,-0.088887087630266,0.952598649631642
G|log1p|uniform|permissive|500m,block30,sampled_date_station_year_mean,all_sampled_dates,primary_2024_2025,nonindustrial_lower,20,10,0.0689741201725811,0.056306114045002756,0.0069426521493901215,0.8981928070197611
G|log1p|uniform|permissive|500m,calendar_season_out,daily,all_expected_targets,all_period,all_network,6462,21,1.7683032499246654,0.6273481888490762,-0.20092228456919378,0.547988687540032
G|log1p|uniform|permissive|500m,calendar_season_out,daily,all_expected_targets,all_period,nonindustrial,6150,20,1.2342250016523721,0.48366568277117555,-0.11942804383514312,0.6457713121054696
G|log1p|uniform|permissive|500m,calendar_season_out,daily,all_expected_targets,all_period,industrial_descriptive,312,1,5.893727543667453,3.459551433653846,-1.8072991451923077,0.08362920416323127
G|log1p|uniform|permissive|500m,calendar_season_out,daily,all_expected_targets,all_period,nonindustrial_higher,2394,10,1.4977857356059285,0.7352948963029239,-0.17301525235555554,0.6474155664127201
G|log1p|uniform|permissive|500m,calendar_season_out,daily,all_expected_targets,all_period,nonindustrial_lower,2458,10,0.4743959369732119,0.21420236731349876,-0.01767170355027665,0.5901676730631439
G|log1p|uniform|permissive|500m,calendar_season_out,daily,all_expected_targets,primary_2024_2025,all_network,5089,21,1.6654478405789503,0.6138037716851602,-0.180820859061855,0.5692017655796531
G|log1p|uniform|permissive|500m,calendar_season_out,daily,all_expected_targets,primary_2024_2025,nonindustrial,4852,20,1.10494145004553,0.47131191273820694,-0.09431895331116653,0.6794442038908346
G|log1p|uniform|permissive|500m,calendar_season_out,daily,all_expected_targets,primary_2024_2025,industrial_descriptive,237,1,5.879111929424567,3.530978875527426,-1.9517375118143456,0.07611066643867581
G|log1p|uniform|permissive|500m,calendar_season_out,daily,all_expected_targets,primary_2024_2025,nonindustrial_higher,2394,10,1.4977857356059285,0.7352948963029239,-0.17301525235555554,0.6474155664127201
G|log1p|uniform|permissive|500m,calendar_season_out,daily,all_expected_targets,primary_2024_2025,nonindustrial_lower,2458,10,0.4743959369732119,0.21420236731349876,-0.01767170355027665,0.5901676730631439
G|log1p|uniform|permissive|500m,loso,daily,all_expected_targets,all_period,all_network,6462,21,2.1968943901213445,0.9218171176101007,-0.09881420538478335,0.30232337350893135
G|log1p|uniform|permissive|500m,loso,daily,all_expected_targets,all_period,nonindustrial,6150,20,1.4609877040774335,0.7220224465454423,0.12423430473585854,0.5036498324121734
G|log1p|uniform|permissive|500m,loso,daily,all_expected_targets,all_period,industrial_descriptive,312,1,7.6083536138781245,4.860077460711539,-4.495443491416667,-0.5271176886802986
G|log1p|uniform|permissive|500m,loso,daily,all_expected_targets,all_period,nonindustrial_higher,2394,10,1.4564321325441174,0.7614722720837929,-0.18279033425756058,0.6666163799223772
G|log1p|uniform|permissive|500m,loso,daily,all_expected_targets,all_period,nonindustrial_lower,2458,10,1.251664275007444,0.6720211487582994,0.5100210987909276,-1.8529883867998849
G|log1p|uniform|permissive|500m,loso,daily,all_expected_targets,primary_2024_2025,all_network,5089,21,2.123040180239805,0.9180621223917272,-0.05998013967763808,0.2999512726413588
G|log1p|uniform|permissive|500m,loso,daily,all_expected_targets,primary_2024_2025,nonindustrial,4852,20,1.356566162511632,0.7161567607206306,0.1681846250238046,0.5168220992459408
G|log1p|uniform|permissive|500m,loso,daily,all_expected_targets,primary_2024_2025,industrial_descriptive,237,1,7.688187320364736,5.051584547827004,-4.731100132637131,-0.5799538752824254
G|log1p|uniform|permissive|500m,loso,daily,all_expected_targets,primary_2024_2025,nonindustrial_higher,2394,10,1.4564321325441174,0.7614722720837929,-0.18279033425756058,0.6666163799223772
G|log1p|uniform|permissive|500m,loso,daily,all_expected_targets,primary_2024_2025,nonindustrial_lower,2458,10,1.251664275007444,0.6720211487582994,0.5100210987909276,-1.8529883867998849
G|log1p|uniform|permissive|500m,loso,sampled_date_station_year_mean,all_sampled_dates,primary_2024_2025,all_network,42,21,1.2858912537165412,0.7065719114186197,-0.0594192936637937,-0.004443043690474102
G|log1p|uniform|permissive|500m,loso,sampled_date_station_year_mean,all_sampled_dates,primary_2024_2025,nonindustrial,40,20,0.7831179029825593,0.505291758859555,0.17421848978301238,-0.030798621079494826
G|log1p|uniform|permissive|500m,loso,sampled_date_station_year_mean,all_sampled_dates,primary_2024_2025,industrial_descriptive,2,1,4.739026233799792,4.732174962599915,-4.732174962599915,-502.7224005847657
G|log1p|uniform|permissive|500m,loso,sampled_date_station_year_mean,all_sampled_dates,primary_2024_2025,nonindustrial_higher,20,10,0.5294757084899059,0.44982652742328755,-0.18941314928047587,0.14850993579140237
G|log1p|uniform|permissive|500m,loso,sampled_date_station_year_mean,all_sampled_dates,primary_2024_2025,nonindustrial_lower,20,10,0.97272954826237,0.5607569902958223,0.5378501288465005,-19.248382746820102
G|log1p|uniform|permissive|500m,season_year_out,daily,all_expected_targets,all_period,all_network,5784,21,1.7340938384277134,0.6214032466818032,-0.1788975544885114,0.5719772229098483
G|log1p|uniform|permissive|500m,season_year_out,daily,all_expected_targets,all_period,nonindustrial,5511,20,1.2389714937391454,0.48598716572809836,-0.10782073298522046,0.6664966546462804
G|log1p|uniform|permissive|500m,season_year_out,daily,all_expected_targets,all_period,industrial_descriptive,273,1,5.720375671297284,3.3550223753846153,-1.6137120720879121,0.0873736073223077
G|log1p|uniform|permissive|500m,season_year_out,daily,all_expected_targets,all_period,nonindustrial_higher,2369,10,1.413210948145801,0.6777091831238498,-0.0950484833053609,0.6814371479701034
G|log1p|uniform|permissive|500m,season_year_out,daily,all_expected_targets,all_period,nonindustrial_lower,2379,10,0.4243400711817699,0.19178441486639344,-0.0026602686015762852,0.6642231771413478
G|log1p|uniform|permissive|500m,season_year_out,daily,all_expected_targets,primary_2024_2025,all_network,4975,21,1.6088942011867797,0.5704248452397085,-0.12302219747408043,0.5883983629289791
G|log1p|uniform|permissive|500m,season_year_out,daily,all_expected_targets,primary_2024_2025,nonindustrial,4748,20,1.0424496614782708,0.4342350837800232,-0.04875708423621525,0.7124410409238466
G|log1p|uniform|permissive|500m,season_year_out,daily,all_expected_targets,primary_2024_2025,industrial_descriptive,227,1,5.831077111073057,3.419010692863436,-1.6763735527753303,0.06381322648331422
G|log1p|uniform|permissive|500m,season_year_out,daily,all_expected_targets,primary_2024_2025,nonindustrial_higher,2369,10,1.413210948145801,0.6777091831238498,-0.0950484833053609,0.6814371479701034
G|log1p|uniform|permissive|500m,season_year_out,daily,all_expected_targets,primary_2024_2025,nonindustrial_lower,2379,10,0.4243400711817699,0.19178441486639344,-0.0026602686015762852,0.6642231771413478
G|log1p|uniform|permissive|500m,year_out,daily,all_expected_targets,all_period,all_network,5089,21,1.690451763566608,0.6268994214681449,-0.13462078347639808,0.5561692289064841
G|log1p|uniform|permissive|500m,year_out,daily,all_expected_targets,all_period,nonindustrial,4852,20,1.130527302068422,0.4819938799879205,-0.05376630139352638,0.6644268439603745
G|log1p|uniform|permissive|500m,year_out,daily,all_expected_targets,all_period,industrial_descriptive,237,1,5.932518677282258,3.5934888191983125,-1.789920138185654,0.059248922672272775
G|log1p|uniform|permissive|500m,year_out,daily,all_expected_targets,all_period,nonindustrial_higher,2394,10,1.5362711484623353,0.754859697663492,-0.12289987901019214,0.6290635570177538
G|log1p|uniform|permissive|500m,year_out,daily,all_expected_targets,all_period,nonindustrial_lower,2458,10,0.473527594530841,0.216232786613096,0.013567215617986168,0.591666628161021
G|log1p|uniform|permissive|500m,year_out,daily,all_expected_targets,primary_2024_2025,all_network,5089,21,1.690451763566608,0.6268994214681449,-0.13462078347639808,0.5561692289064841
G|log1p|uniform|permissive|500m,year_out,daily,all_expected_targets,primary_2024_2025,nonindustrial,4852,20,1.130527302068422,0.4819938799879205,-0.05376630139352638,0.6644268439603745
G|log1p|uniform|permissive|500m,year_out,daily,all_expected_targets,primary_2024_2025,industrial_descriptive,237,1,5.932518677282258,3.5934888191983125,-1.789920138185654,0.059248922672272775
G|log1p|uniform|permissive|500m,year_out,daily,all_expected_targets,primary_2024_2025,nonindustrial_higher,2394,10,1.5362711484623353,0.754859697663492,-0.12289987901019214,0.6290635570177538
G|log1p|uniform|permissive|500m,year_out,daily,all_expected_targets,primary_2024_2025,nonindustrial_lower,2458,10,0.473527594530841,0.216232786613096,0.013567215617986168,0.591666628161021
M_AUX|log1p|inverse_1_over_bap_plus_0_5|permissive|2km_exact,block30,daily,all_expected_targets,all_period,all_network,6462,21,1.542295690235403,0.4889239961215413,-0.2077853266245744,0.6561483570324129
M_AUX|log1p|inverse_1_over_bap_plus_0_5|permissive|2km_exact,block30,daily,all_expected_targets,all_period,nonindustrial,6150,20,0.8701729821093835,0.34454051557356097,-0.09822827254439025,0.8239215361119332
M_AUX|log1p|inverse_1_over_bap_plus_0_5|permissive|2km_exact,block30,daily,all_expected_targets,all_period,industrial_descriptive,312,1,5.860071874652536,3.334944526153846,-2.3673234118589743,0.09406504946129846
M_AUX|log1p|inverse_1_over_bap_plus_0_5|permissive|2km_exact,block30,daily,all_expected_targets,all_period,nonindustrial_higher,2394,10,0.9922148001119961,0.4971599215893902,-0.10357074496031746,0.8452697754872398
M_AUX|log1p|inverse_1_over_bap_plus_0_5|permissive|2km_exact,block30,daily,all_expected_targets,all_period,nonindustrial_lower,2458,10,0.38487165821199537,0.16927180471236777,-0.012360924986574448,0.7302532925792928
M_AUX|log1p|inverse_1_over_bap_plus_0_5|permissive|2km_exact,block30,daily,all_expected_targets,primary_2024_2025,all_network,5089,21,1.4629179414479425,0.47563516596738065,-0.1653975774203183,0.6676070716670144
M_AUX|log1p|inverse_1_over_bap_plus_0_5|permissive|2km_exact,block30,daily,all_expected_targets,primary_2024_2025,nonindustrial,4852,20,0.7488605998603343,0.3310533693874691,-0.057364286284418795,0.8527595739496667
M_AUX|log1p|inverse_1_over_bap_plus_0_5|permissive|2km_exact,block30,daily,all_expected_targets,primary_2024_2025,industrial_descriptive,237,1,5.871389632969101,3.435596672320675,-2.377117107341772,0.07853615578030237
M_AUX|log1p|inverse_1_over_bap_plus_0_5|permissive|2km_exact,block30,daily,all_expected_targets,primary_2024_2025,nonindustrial_higher,2394,10,0.9922148001119961,0.4971599215893902,-0.10357074496031746,0.8452697754872398
M_AUX|log1p|inverse_1_over_bap_plus_0_5|permissive|2km_exact,block30,daily,all_expected_targets,primary_2024_2025,nonindustrial_lower,2458,10,0.38487165821199537,0.16927180471236777,-0.012360924986574448,0.7302532925792928
M_AUX|log1p|inverse_1_over_bap_plus_0_5|permissive|2km_exact,block30,sampled_date_station_year_mean,all_sampled_dates,primary_2024_2025,all_network,42,21,0.529593124163735,0.1899222634971459,-0.17286666054356778,0.8296267113635123
M_AUX|log1p|inverse_1_over_bap_plus_0_5|permissive|2km_exact,block30,sampled_date_station_year_mean,all_sampled_dates,primary_2024_2025,nonindustrial,40,20,0.10740073927996768,0.08054511512868674,-0.0626367320274297,0.9806119529321551
M_AUX|log1p|inverse_1_over_bap_plus_0_5|permissive|2km_exact,block30,sampled_date_station_year_mean,all_sampled_dates,primary_2024_2025,industrial_descriptive,2,1,2.378896392118399,2.3774652308663295,-2.3774652308663295,-125.92994564219646
M_AUX|log1p|inverse_1_over_bap_plus_0_5|permissive|2km_exact,block30,sampled_date_station_year_mean,all_sampled_dates,primary_2024_2025,nonindustrial_higher,20,10,0.1425984668196722,0.12218368753825763,-0.11135670320352245,0.9382385879640844
M_AUX|log1p|inverse_1_over_bap_plus_0_5|permissive|2km_exact,block30,sampled_date_station_year_mean,all_sampled_dates,primary_2024_2025,nonindustrial_lower,20,10,0.052302149635039236,0.03890654271911583,-0.013916760851336923,0.941461013071115
M_AUX|log1p|inverse_1_over_bap_plus_0_5|permissive|2km_exact,dispersed_mod9,daily,all_expected_targets,all_period,all_network,6462,21,1.5240298451125958,0.4716472792248684,-0.21642321740639123,0.6642447922333672
M_AUX|log1p|inverse_1_over_bap_plus_0_5|permissive|2km_exact,dispersed_mod9,daily,all_expected_targets,all_period,nonindustrial,6150,20,0.8062927975946117,0.32437013539692683,-0.10505095393497561,0.8488247790931004
M_AUX|log1p|inverse_1_over_bap_plus_0_5|permissive|2km_exact,dispersed_mod9,daily,all_expected_targets,all_period,industrial_descriptive,312,1,5.940654503004934,3.374706364294872,-2.411741872371795,0.06897847872586205
M_AUX|log1p|inverse_1_over_bap_plus_0_5|permissive|2km_exact,dispersed_mod9,daily,all_expected_targets,all_period,nonindustrial_higher,2394,10,0.9467138975557642,0.47556410199970767,-0.13687434218517125,0.8591355969572314
M_AUX|log1p|inverse_1_over_bap_plus_0_5|permissive|2km_exact,dispersed_mod9,daily,all_expected_targets,all_period,nonindustrial_lower,2458,10,0.3676183506324501,0.158779717476607,-0.021866642651139138,0.7538960100763639
M_AUX|log1p|inverse_1_over_bap_plus_0_5|permissive|2km_exact,dispersed_mod9,daily,all_expected_targets,primary_2024_2025,all_network,5089,21,1.4607758180539565,0.462107729114718,-0.19092600830178816,0.6685797924792343
M_AUX|log1p|inverse_1_over_bap_plus_0_5|permissive|2km_exact,dispersed_mod9,daily,all_expected_targets,primary_2024_2025,nonindustrial,4852,20,0.7146225920226571,0.3150826475154163,-0.07861199151438583,0.8659154971167158
M_AUX|log1p|inverse_1_over_bap_plus_0_5|permissive|2km_exact,dispersed_mod9,daily,all_expected_targets,primary_2024_2025,industrial_descriptive,237,1,5.946810025824978,3.472089568438819,-2.4902830102109705,0.05471095281763527
M_AUX|log1p|inverse_1_over_bap_plus_0_5|permissive|2km_exact,dispersed_mod9,daily,all_expected_targets,primary_2024_2025,nonindustrial_higher,2394,10,0.9467138975557642,0.47556410199970767,-0.13687434218517125,0.8591355969572314
M_AUX|log1p|inverse_1_over_bap_plus_0_5|permissive|2km_exact,dispersed_mod9,daily,all_expected_targets,primary_2024_2025,nonindustrial_lower,2458,10,0.3676183506324501,0.158779717476607,-0.021866642651139138,0.7538960100763639
M_AUX|log1p|uniform|permissive|2km_exact,block30,daily,all_expected_targets,all_period,all_network,6462,21,1.4383766157651665,0.4816937298596874,-0.11657732846878675,0.7009243593544057
M_AUX|log1p|uniform|permissive|2km_exact,block30,daily,all_expected_targets,all_period,nonindustrial,6150,20,0.8408623871738469,0.3446111103598862,-0.05197153553582115,0.8355836874225094
M_AUX|log1p|uniform|permissive|2km_exact,block30,daily,all_expected_targets,all_period,industrial_descriptive,312,1,5.377139819140206,3.1838030565384616,-1.3900569007051282,0.23722967619833824
M_AUX|log1p|uniform|permissive|2km_exact,block30,daily,all_expected_targets,all_period,nonindustrial_higher,2394,10,0.9660144490325129,0.5001423203640769,-0.03699132138162072,0.8533334761567333
M_AUX|log1p|uniform|permissive|2km_exact,block30,daily,all_expected_targets,all_period,nonindustrial_lower,2458,10,0.38766519074984956,0.17213086793807975,0.014491742712042309,0.7263232502474197
M_AUX|log1p|uniform|permissive|2km_exact,block30,daily,all_expected_targets,primary_2024_2025,all_network,5089,21,1.3580778574847296,0.4685580866070741,-0.07608267992167421,0.7135418518755932
M_AUX|log1p|uniform|permissive|2km_exact,block30,daily,all_expected_targets,primary_2024_2025,nonindustrial,4852,20,0.7325098729211165,0.3339732869627782,-0.01091024727976093,0.8591191161303137
M_AUX|log1p|uniform|permissive|2km_exact,block30,daily,all_expected_targets,primary_2024_2025,industrial_descriptive,237,1,5.3496266077122,3.223855335021097,-1.4103301194936708,0.2350317035246019
M_AUX|log1p|uniform|permissive|2km_exact,block30,daily,all_expected_targets,primary_2024_2025,nonindustrial_higher,2394,10,0.9660144490325129,0.5001423203640769,-0.03699132138162072,0.8533334761567333
M_AUX|log1p|uniform|permissive|2km_exact,block30,daily,all_expected_targets,primary_2024_2025,nonindustrial_lower,2458,10,0.38766519074984956,0.17213086793807975,0.014491742712042309,0.7263232502474197
M_AUX|log1p|uniform|permissive|2km_exact,block30,sampled_date_station_year_mean,all_sampled_dates,primary_2024_2025,all_network,42,21,0.31771761221852585,0.1257368639258765,-0.08118985333874564,0.9386803862477562
M_AUX|log1p|uniform|permissive|2km_exact,block30,sampled_date_station_year_mean,all_sampled_dates,primary_2024_2025,nonindustrial,40,20,0.0792347720698776,0.061523779744570975,-0.014749418628083585,0.989447602321366
M_AUX|log1p|uniform|permissive|2km_exact,block30,sampled_date_station_year_mean,all_sampled_dates,primary_2024_2025,industrial_descriptive,2,1,1.412186645345212,1.4099985475519867,-1.4099985475519867,-43.729829125124944
M_AUX|log1p|uniform|permissive|2km_exact,block30,sampled_date_station_year_mean,all_sampled_dates,primary_2024_2025,nonindustrial_higher,20,10,0.09863524178085371,0.0813850813578909,-0.04303778419180583,0.9704503914998349
M_AUX|log1p|uniform|permissive|2km_exact,block30,sampled_date_station_year_mean,all_sampled_dates,primary_2024_2025,nonindustrial_lower,20,10,0.053173182044743576,0.04166247813125103,0.01353894693563866,0.9394949776456885
M_AUX|log1p|uniform|permissive|2km_exact,dispersed_mod9,daily,all_expected_targets,all_period,all_network,6462,21,1.4117928022994655,0.4589857034111513,-0.11546317714829156,0.7118771243771119
M_AUX|log1p|uniform|permissive|2km_exact,dispersed_mod9,daily,all_expected_targets,all_period,nonindustrial,6150,20,0.779057583394435,0.32232098273379833,-0.049744121034513825,0.858865181236442
M_AUX|log1p|uniform|permissive|2km_exact,dispersed_mod9,daily,all_expected_targets,all_period,industrial_descriptive,312,1,5.4145959558830485,3.152857601378205,-1.4108868793910256,0.2265660376788372
M_AUX|log1p|uniform|permissive|2km_exact,dispersed_mod9,daily,all_expected_targets,all_period,nonindustrial_higher,2394,10,0.9188467452750546,0.4706989374878863,-0.05352003766917293,0.8673064183244191
M_AUX|log1p|uniform|permissive|2km_exact,dispersed_mod9,daily,all_expected_targets,all_period,nonindustrial_lower,2458,10,0.37666070878350477,0.1658756201238527,0.004745349494780308,0.7416402064114982
M_AUX|log1p|uniform|permissive|2km_exact,dispersed_mod9,daily,all_expected_targets,primary_2024_2025,all_network,5089,21,1.34953591446508,0.4508697821989448,-0.08895307162543331,0.7171340081961397
M_AUX|log1p|uniform|permissive|2km_exact,dispersed_mod9,daily,all_expected_targets,primary_2024_2025,nonindustrial,4852,20,0.6988875403513006,0.3162769024341364,-0.024003071129808328,0.871755219505013
M_AUX|log1p|uniform|permissive|2km_exact,dispersed_mod9,daily,all_expected_targets,primary_2024_2025,industrial_descriptive,237,1,5.395105467698558,3.2063324514767935,-1.4186467526582274,0.22196994482688281
M_AUX|log1p|uniform|permissive|2km_exact,dispersed_mod9,daily,all_expected_targets,primary_2024_2025,nonindustrial_higher,2394,10,0.9188467452750546,0.4706989374878863,-0.05352003766917293,0.8673064183244191
M_AUX|log1p|uniform|permissive|2km_exact,dispersed_mod9,daily,all_expected_targets,primary_2024_2025,nonindustrial_lower,2458,10,0.37666070878350477,0.1658756201238527,0.004745349494780308,0.7416402064114982
PM_XGB|log1p|uniform|permissive|2km_exact,block30,daily,all_expected_targets,all_period,all_network,6462,21,1.5559701767557288,0.5582644600186413,-0.09635568422322191,0.6500239291676846
PM_XGB|log1p|uniform|permissive|2km_exact,block30,daily,all_expected_targets,all_period,nonindustrial,6150,20,0.9148629379291496,0.4029022977415382,-0.03996416236430245,0.8053711934526774
PM_XGB|log1p|uniform|permissive|2km_exact,block30,daily,all_expected_targets,all_period,industrial_descriptive,312,1,5.800472405463712,3.620691697211538,-1.20791933625,0.11239884330923544
PM_XGB|log1p|uniform|permissive|2km_exact,block30,daily,all_expected_targets,all_period,nonindustrial_higher,2394,10,1.0544021557177765,0.5702127877101504,-0.041595050911487054,0.8252664403290702
PM_XGB|log1p|uniform|permissive|2km_exact,block30,daily,all_expected_targets,all_period,nonindustrial_lower,2458,10,0.5077397447952215,0.23131762171330347,0.04373198756415785,0.530531334159416
PM_XGB|log1p|uniform|permissive|2km_exact,block30,daily,all_expected_targets,primary_2024_2025,all_network,5089,21,1.4744898248530551,0.550078997034663,-0.05993126021406955,0.6623277256033171
PM_XGB|log1p|uniform|permissive|2km_exact,block30,daily,all_expected_targets,primary_2024_2025,nonindustrial,4852,20,0.82410539154429,0.3985301170546991,0.0016312187861912643,0.8216838768472158
PM_XGB|log1p|uniform|permissive|2km_exact,block30,daily,all_expected_targets,primary_2024_2025,industrial_descriptive,237,1,5.7253834072256735,3.652674632742616,-1.320273657299578,0.12379516352544828
PM_XGB|log1p|uniform|permissive|2km_exact,block30,daily,all_expected_targets,primary_2024_2025,nonindustrial_higher,2394,10,1.0544021557177765,0.5702127877101504,-0.041595050911487054,0.8252664403290702
PM_XGB|log1p|uniform|permissive|2km_exact,block30,daily,all_expected_targets,primary_2024_2025,nonindustrial_lower,2458,10,0.5077397447952215,0.23131762171330347,0.04373198756415785,0.530531334159416
PM_XGB|log1p|uniform|permissive|2km_exact,block30,sampled_date_station_year_mean,all_sampled_dates,primary_2024_2025,all_network,42,21,0.3044036801160016,0.1423301294960567,-0.06496720521093027,0.943711895017176
PM_XGB|log1p|uniform|permissive|2km_exact,block30,sampled_date_station_year_mean,all_sampled_dates,primary_2024_2025,nonindustrial,40,20,0.09940546179722082,0.08341895445255729,-0.0021878839531745673,0.9833911325856239
PM_XGB|log1p|uniform|permissive|2km_exact,block30,sampled_date_station_year_mean,all_sampled_dates,primary_2024_2025,industrial_descriptive,2,1,1.3222196085102849,1.3205536303660446,-1.3205536303660446,-38.21211120908983
PM_XGB|log1p|uniform|permissive|2km_exact,block30,sampled_date_station_year_mean,all_sampled_dates,primary_2024_2025,nonindustrial_higher,20,10,0.11981318732447546,0.10390494597706694,-0.04580502662541418,0.9563989701263874
PM_XGB|log1p|uniform|permissive|2km_exact,block30,sampled_date_station_year_mean,all_sampled_dates,primary_2024_2025,nonindustrial_lower,20,10,0.07353700982082155,0.06293296292804762,0.04142925871906505,0.884277433319953
HARMONIC,block30,daily,common_bracketable,primary_2024_2025,all_network,4928,21,1.8189597516134743,0.7550240720593523,-0.003948595627801755,0.48565379643898954
HARMONIC,block30,daily,common_bracketable,primary_2024_2025,nonindustrial,4695,20,1.2507443634432058,0.5730157644283792,0.011039305935253124,0.583546959672085
HARMONIC,block30,daily,common_bracketable,primary_2024_2025,industrial_descriptive,233,1,6.201265125329277,4.422530528400209,-0.30595802841124636,-0.022838536937773046
HARMONIC,block30,daily,common_bracketable,primary_2024_2025,nonindustrial_higher,2334,10,1.6965746285446839,0.9112506145322401,0.025401382225428055,0.5409997772363622
HARMONIC,block30,daily,common_bracketable,primary_2024_2025,nonindustrial_lower,2361,10,0.5151545249597683,0.23864891133968305,-0.003158528059354404,0.495132043683446
INTERP_LINEAR,block30,daily,common_bracketable,primary_2024_2025,all_network,4928,21,2.1258567112459374,0.8538395083657405,-0.015042418378591563,0.29744984058377966
INTERP_LINEAR,block30,daily,common_bracketable,primary_2024_2025,nonindustrial,4695,20,1.439426777481754,0.6419170321892197,0.02201744799048877,0.4484205425052039
INTERP_LINEAR,block30,daily,common_bracketable,primary_2024_2025,industrial_descriptive,233,1,7.337113581569255,5.124122880248848,-0.7618066784765835,-0.4318481676317041
INTERP_LINEAR,block30,daily,common_bracketable,primary_2024_2025,nonindustrial_higher,2334,10,1.946887815304783,1.0184318399426995,0.06023348077307112,0.39556609948713883
INTERP_LINEAR,block30,daily,common_bracketable,primary_2024_2025,nonindustrial_lower,2361,10,0.6108832327511192,0.26970798462605955,-0.015761552650996692,0.290064032634191
INTERP_LOGLINEAR,block30,daily,common_bracketable,primary_2024_2025,all_network,4928,21,2.1033711105299244,0.8254734722136392,-0.10046976938170962,0.31223326123784634
INTERP_LOGLINEAR,block30,daily,common_bracketable,primary_2024_2025,nonindustrial,4695,20,1.4124682018156187,0.6147755937959796,-0.05666113669774467,0.46888778804741305
INTERP_LOGLINEAR,block30,daily,common_bracketable,primary_2024_2025,industrial_descriptive,233,1,7.3055546665557145,5.071080936466484,-0.9832231189577415,-0.41955712371433407
INTERP_LOGLINEAR,block30,daily,common_bracketable,primary_2024_2025,nonindustrial_higher,2334,10,1.9136891527761302,0.9744353327101836,-0.07784593847298493,0.4160041638868279
INTERP_LOGLINEAR,block30,daily,common_bracketable,primary_2024_2025,nonindustrial_lower,2361,10,0.5890600983032255,0.2592288633318745,-0.0357186007623737,0.33988138403503343
M_AUX|log1p|inverse_1_over_bap_plus_0_5|permissive|2km_exact,block30,daily,common_bracketable,primary_2024_2025,all_network,4928,21,1.4632679269958313,0.4636348858133117,-0.161362730075487,0.667143481267849
M_AUX|log1p|inverse_1_over_bap_plus_0_5|permissive|2km_exact,block30,daily,common_bracketable,primary_2024_2025,nonindustrial,4695,20,0.7280384063727586,0.3165800194351438,-0.051076392049414276,0.8588965901264233
M_AUX|log1p|inverse_1_over_bap_plus_0_5|permissive|2km_exact,block30,daily,common_bracketable,primary_2024_2025,industrial_descriptive,233,1,5.88263782879514,3.426822000171674,-2.3836561078969956,0.07957012487610093
M_AUX|log1p|inverse_1_over_bap_plus_0_5|permissive|2km_exact,block30,daily,common_bracketable,primary_2024_2025,nonindustrial_higher,2334,10,0.9667961626389009,0.47886700616323913,-0.09152488912382176,0.8509483472208881
M_AUX|log1p|inverse_1_over_bap_plus_0_5|permissive|2km_exact,block30,daily,common_bracketable,primary_2024_2025,nonindustrial_lower,2361,10,0.36057258321672064,0.15614891946759848,-0.011090457203303686,0.7526635221917548
M_AUX|log1p|uniform|permissive|2km_exact,block30,daily,common_bracketable,primary_2024_2025,all_network,4928,21,1.3590604159912307,0.4571139413075081,-0.07251516414801136,0.7128645022276108
M_AUX|log1p|uniform|permissive|2km_exact,block30,daily,common_bracketable,primary_2024_2025,nonindustrial,4695,20,0.7130460936718339,0.32001259170679447,-0.005977792907646438,0.8646481680380727
M_AUX|log1p|uniform|permissive|2km_exact,block30,daily,common_bracketable,primary_2024_2025,industrial_descriptive,233,1,5.368457291852714,3.2197355566523607,-1.41325747304721,0.2334411735138362
M_AUX|log1p|uniform|permissive|2km_exact,block30,daily,common_bracketable,primary_2024_2025,nonindustrial_higher,2334,10,0.9427974497324653,0.483788342224336,-0.027422703336589555,0.8582563022107234
M_AUX|log1p|uniform|permissive|2km_exact,block30,daily,common_bracketable,primary_2024_2025,nonindustrial_lower,2361,10,0.36380350760870434,0.1581097532027954,0.015221877122490473,0.7482111273418557
PM_RIDGE,block30,daily,common_bracketable,primary_2024_2025,all_network,4928,21,1.7184339558808233,0.657105804317185,-0.17442185026155899,0.5409340820428641
PM_RIDGE,block30,daily,common_bracketable,primary_2024_2025,nonindustrial,4695,20,1.0110581056910388,0.48237830549002775,-0.1196032240326773,0.7278670316678552
PM_RIDGE,block30,daily,common_bracketable,primary_2024_2025,industrial_descriptive,233,1,6.469820821202242,4.177902400855825,-1.2790289324272222,-0.11334814583902797
PM_RIDGE,block30,daily,common_bracketable,primary_2024_2025,nonindustrial_higher,2334,10,1.3524950699579412,0.7101374131488448,-0.30965832915206426,0.7082987154269291
PM_RIDGE,block30,daily,common_bracketable,primary_2024_2025,nonindustrial_lower,2361,10,0.4737750933849256,0.2572238127853777,0.06827844278165951,0.5729809783955446
HARMONIC,dispersed_mod9,daily,common_bracketable,primary_2024_2025,all_network,5066,21,1.8109525152678794,0.7572754199598968,0.0018858548374349026,0.4886244510628446
HARMONIC,dispersed_mod9,daily,common_bracketable,primary_2024_2025,nonindustrial,4830,20,1.250521770412259,0.5763359523240527,0.015670037929747763,0.585933906261167
HARMONIC,dispersed_mod9,daily,common_bracketable,primary_2024_2025,industrial_descriptive,236,1,6.196301044258838,4.46040096521891,-0.2802226381111715,-0.022669069249338758
HARMONIC,dispersed_mod9,daily,common_bracketable,primary_2024_2025,nonindustrial_higher,2382,10,1.6986390764583885,0.915061022306041,0.03347664823728752,0.5430024354594811
HARMONIC,dispersed_mod9,daily,common_bracketable,primary_2024_2025,nonindustrial_lower,2448,10,0.5271292522485029,0.2467431758955005,-0.0016564921979318485,0.491774232263107
HARMONIC,dispersed_mod9,foldwise_sampled_mean_recovery,common_bracketable_replacements,primary_2024_2025,all_network,378,21,0.06441589572486063,0.03374414625911204,0.00033495477505390457,0.9974794058092495
HARMONIC,dispersed_mod9,foldwise_sampled_mean_recovery,common_bracketable_replacements,primary_2024_2025,nonindustrial,360,20,0.039559167461126366,0.025955307430756438,0.0019066996452326904,0.9973696483674598
HARMONIC,dispersed_mod9,foldwise_sampled_mean_recovery,common_bracketable_replacements,primary_2024_2025,industrial_descriptive,18,1,0.2363027834334791,0.18952092282622404,-0.03109994262852182,-0.25242207341108824
HARMONIC,dispersed_mod9,foldwise_sampled_mean_recovery,common_bracketable_replacements,primary_2024_2025,nonindustrial_higher,180,10,0.05367047086302645,0.041200559900062605,0.00417396397117407,0.991251002039448
HARMONIC,dispersed_mod9,foldwise_sampled_mean_recovery,common_bracketable_replacements,primary_2024_2025,nonindustrial_lower,180,10,0.01579037737914794,0.010710054961450262,-0.00036056468070868876,0.9946643031928377
INTERP_LINEAR,dispersed_mod9,daily,common_bracketable,primary_2024_2025,all_network,5066,21,1.9060191290306912,0.7516089307241706,0.004676832449807265,0.4335255285987031
INTERP_LINEAR,dispersed_mod9,daily,common_bracketable,primary_2024_2025,nonindustrial,4830,20,1.2675600960981774,0.5473192683751783,0.0037428380585420836,0.5745737601623045
INTERP_LINEAR,dispersed_mod9,daily,common_bracketable,primary_2024_2025,industrial_descriptive,236,1,6.71575243626757,4.9326219355785454,0.023792056643921,-0.20132207701422655
INTERP_LINEAR,dispersed_mod9,daily,common_bracketable,primary_2024_2025,nonindustrial_higher,2382,10,1.7135328887637216,0.8617626907061706,0.007243578222811973,0.5349533145479421
INTERP_LINEAR,dispersed_mod9,daily,common_bracketable,primary_2024_2025,nonindustrial_lower,2448,10,0.5595232154829917,0.24135348733252182,0.00033648059477947687,0.4273903439497013
INTERP_LINEAR,dispersed_mod9,foldwise_sampled_mean_recovery,common_bracketable_replacements,primary_2024_2025,all_network,378,21,0.07190709266192796,0.03513856094095155,0.0005371329074071438,0.9968590553002022
INTERP_LINEAR,dispersed_mod9,foldwise_sampled_mean_recovery,common_bracketable_replacements,primary_2024_2025,nonindustrial,360,20,0.03862531266465206,0.02521990825933718,0.00043211027757829535,0.9974923695214086
INTERP_LINEAR,dispersed_mod9,foldwise_sampled_mean_recovery,common_bracketable_replacements,primary_2024_2025,industrial_descriptive,18,1,0.28061527739606473,0.233511614573239,0.0026375855039841114,-0.7661828427302602
INTERP_LINEAR,dispersed_mod9,foldwise_sampled_mean_recovery,common_bracketable_replacements,primary_2024_2025,nonindustrial_higher,180,10,0.05206108070933889,0.039178632872623194,0.0008165930782923331,0.9917678388642229
INTERP_LINEAR,dispersed_mod9,foldwise_sampled_mean_recovery,common_bracketable_replacements,primary_2024_2025,nonindustrial_lower,180,10,0.01653703214787839,0.011261183646051172,4.762747686425727e-05,0.9941477716201249
INTERP_LOGLINEAR,dispersed_mod9,daily,common_bracketable,primary_2024_2025,all_network,5066,21,1.87497029443154,0.7279256059428338,-0.11020484678688376,0.4518308179963243
INTERP_LOGLINEAR,dispersed_mod9,daily,common_bracketable,primary_2024_2025,nonindustrial,4830,20,1.2486811829642919,0.5335047492331808,-0.06937320025732908,0.5871519002280415
INTERP_LOGLINEAR,dispersed_mod9,daily,common_bracketable,primary_2024_2025,industrial_descriptive,236,1,6.599509880981647,4.706962630975137,-0.945869477031583,-0.16009476913097176
INTERP_LOGLINEAR,dispersed_mod9,daily,common_bracketable,primary_2024_2025,nonindustrial_higher,2382,10,1.6922035225886516,0.8434467895672569,-0.11651904376353185,0.5464586860662939
INTERP_LOGLINEAR,dispersed_mod9,daily,common_bracketable,primary_2024_2025,nonindustrial_lower,2448,10,0.5385377223295529,0.23191898939830782,-0.023498445669185745,0.46953747984979244
INTERP_LOGLINEAR,dispersed_mod9,foldwise_sampled_mean_recovery,common_bracketable_replacements,primary_2024_2025,all_network,378,21,0.07508096353011395,0.03465999316435416,-0.01240181404054115,0.9965756629450448
INTERP_LOGLINEAR,dispersed_mod9,foldwise_sampled_mean_recovery,common_bracketable_replacements,primary_2024_2025,nonindustrial,360,20,0.03949953891933303,0.02507672245896147,-0.007787502269053577,0.9973775719833904
INTERP_LOGLINEAR,dispersed_mod9,foldwise_sampled_mean_recovery,common_bracketable_replacements,primary_2024_2025,industrial_descriptive,18,1,0.29525565410338583,0.22632540727220796,-0.10468804947029259,-0.9552823718166241
INTERP_LOGLINEAR,dispersed_mod9,foldwise_sampled_mean_recovery,common_bracketable_replacements,primary_2024_2025,nonindustrial_higher,180,10,0.053521495165190835,0.039520109788463764,-0.012945666328494986,0.9912995046561471
INTERP_LOGLINEAR,dispersed_mod9,foldwise_sampled_mean_recovery,common_bracketable_replacements,primary_2024_2025,nonindustrial_lower,180,10,0.015996146566040908,0.010633335129459168,-0.0026293382096121694,0.9945243349521953
M_AUX|log1p|inverse_1_over_bap_plus_0_5|permissive|2km_exact,dispersed_mod9,daily,common_bracketable,primary_2024_2025,all_network,5066,21,1.45835423253718,0.4590320889853533,-0.1894795900321358,0.6683714700596468
M_AUX|log1p|inverse_1_over_bap_plus_0_5|permissive|2km_exact,dispersed_mod9,daily,common_bracketable,primary_2024_2025,nonindustrial,4830,20,0.7049183591976195,0.3116437873871222,-0.0770962086299793,0.8684275992922383
M_AUX|log1p|inverse_1_over_bap_plus_0_5|permissive|2km_exact,dispersed_mod9,daily,common_bracketable,primary_2024_2025,industrial_descriptive,236,1,5.956864421034292,3.4754960581355934,-2.4895293026271186,0.05483956627638731
M_AUX|log1p|inverse_1_over_bap_plus_0_5|permissive|2km_exact,dispersed_mod9,daily,common_bracketable,primary_2024_2025,nonindustrial_higher,2382,10,0.9323823137325525,0.4697313555782116,-0.1344380355127204,0.8623108502723418
M_AUX|log1p|inverse_1_over_bap_plus_0_5|permissive|2km_exact,dispersed_mod9,daily,common_bracketable,primary_2024_2025,nonindustrial_lower,2448,10,0.366775037656443,0.15781838402471404,-0.021300362373978757,0.7539507834710456
M_AUX|log1p|inverse_1_over_bap_plus_0_5|permissive|2km_exact,dispersed_mod9,foldwise_sampled_mean_recovery,common_bracketable_replacements,primary_2024_2025,all_network,378,21,0.08174830416045487,0.02979774730912639,-0.021809389481884055,0.9959404832759369
M_AUX|log1p|inverse_1_over_bap_plus_0_5|permissive|2km_exact,dispersed_mod9,foldwise_sampled_mean_recovery,common_bracketable_replacements,primary_2024_2025,nonindustrial,360,20,0.02641393814226342,0.01687898779674598,-0.009125657828192963,0.9988273029390763
M_AUX|log1p|inverse_1_over_bap_plus_0_5|permissive|2km_exact,dispersed_mod9,foldwise_sampled_mean_recovery,common_bracketable_replacements,primary_2024_2025,industrial_descriptive,18,1,0.3555060721445538,0.28817293755673457,-0.275484022555706,-1.8346998762820501
M_AUX|log1p|inverse_1_over_bap_plus_0_5|permissive|2km_exact,dispersed_mod9,foldwise_sampled_mean_recovery,common_bracketable_replacements,primary_2024_2025,nonindustrial_higher,180,10,0.03528932231222381,0.025713085821520033,-0.01579396937449947,0.9962175417674443
M_AUX|log1p|inverse_1_over_bap_plus_0_5|permissive|2km_exact,dispersed_mod9,foldwise_sampled_mean_recovery,common_bracketable_replacements,primary_2024_2025,nonindustrial_lower,180,10,0.012249734164895982,0.008044889771971923,-0.002457346281886456,0.9967888584310297
M_AUX|log1p|uniform|permissive|2km_exact,dispersed_mod9,daily,common_bracketable,primary_2024_2025,all_network,5066,21,1.3477738993686423,0.4485391520589084,-0.08771888775401304,0.7167565234584697
M_AUX|log1p|uniform|permissive|2km_exact,dispersed_mod9,daily,common_bracketable,primary_2024_2025,nonindustrial,4830,20,0.6907697229912482,0.3133032461553686,-0.02257157983060663,0.8736562557233126
M_AUX|log1p|uniform|permissive|2km_exact,dispersed_mod9,daily,common_bracketable,primary_2024_2025,industrial_descriptive,236,1,5.406236465352339,3.216290955084746,-1.4210303168644065,0.22149720383058147
M_AUX|log1p|uniform|permissive|2km_exact,dispersed_mod9,daily,common_bracketable,primary_2024_2025,nonindustrial_higher,2382,10,0.9070354556220864,0.4659296019504618,-0.05133684638119228,0.8696952666298827
M_AUX|log1p|uniform|permissive|2km_exact,dispersed_mod9,daily,common_bracketable,primary_2024_2025,nonindustrial_lower,2448,10,0.375404602197298,0.1647918166194567,0.005418152572781861,0.7422363750060408
M_AUX|log1p|uniform|permissive|2km_exact,dispersed_mod9,foldwise_sampled_mean_recovery,common_bracketable_replacements,primary_2024_2025,all_network,378,21,0.0641429478080279,0.024362429376459587,-0.01020769849057298,0.9975007214588155
M_AUX|log1p|uniform|permissive|2km_exact,dispersed_mod9,foldwise_sampled_mean_recovery,common_bracketable_replacements,primary_2024_2025,nonindustrial,360,20,0.0230160767316376,0.015250638025408856,-0.0028587256446550306,0.9991096062204097
M_AUX|log1p|uniform|permissive|2km_exact,dispersed_mod9,foldwise_sampled_mean_recovery,common_bracketable_replacements,primary_2024_2025,industrial_descriptive,18,1,0.2753286709756879,0.20659825639747423,-0.15718715540893197,-0.700262261950509
M_AUX|log1p|uniform|permissive|2km_exact,dispersed_mod9,foldwise_sampled_mean_recovery,common_bracketable_replacements,primary_2024_2025,nonindustrial_higher,180,10,0.030119927746552966,0.022223493892112273,-0.006190182993219352,0.9972445321015879
M_AUX|log1p|uniform|permissive|2km_exact,dispersed_mod9,foldwise_sampled_mean_recovery,common_bracketable_replacements,primary_2024_2025,nonindustrial_lower,180,10,0.012339753999804385,0.008277782158705432,0.0004727317039092903,0.9967414894736678
PM_RIDGE,dispersed_mod9,daily,common_bracketable,primary_2024_2025,all_network,5066,21,1.7105698458677694,0.6605440881979353,-0.1746306748606901,0.5437451890770746
PM_RIDGE,dispersed_mod9,daily,common_bracketable,primary_2024_2025,nonindustrial,4830,20,1.012112631101179,0.48782852671520194,-0.12150364481224064,0.7287655524067905
PM_RIDGE,dispersed_mod9,daily,common_bracketable,primary_2024_2025,industrial_descriptive,236,1,6.46884599940053,4.195358333797944,-1.2619338745810749,-0.11461203017067811
PM_RIDGE,dispersed_mod9,daily,common_bracketable,primary_2024_2025,nonindustrial_higher,2382,10,1.3531603978581088,0.7146623208213251,-0.3175847109547372,0.7099918369168796
PM_RIDGE,dispersed_mod9,daily,common_bracketable,primary_2024_2025,nonindustrial_lower,2448,10,0.489335650503247,0.26711034960703806,0.0692909219979828,0.5620382720561916
PM_RIDGE,dispersed_mod9,foldwise_sampled_mean_recovery,common_bracketable_replacements,primary_2024_2025,all_network,378,21,0.07603970301507644,0.03826952258655219,-0.02010413540449486,0.9964876510636326
PM_RIDGE,dispersed_mod9,foldwise_sampled_mean_recovery,common_bracketable_replacements,primary_2024_2025,nonindustrial,360,20,0.04295531635596193,0.02884910416300014,-0.014123290672039813,0.996898631528584
PM_RIDGE,dispersed_mod9,foldwise_sampled_mean_recovery,common_bracketable_replacements,primary_2024_2025,industrial_descriptive,18,1,0.2907225155749484,0.22667789105759317,-0.13972103005359576,-0.8957033365616192
PM_RIDGE,dispersed_mod9,foldwise_sampled_mean_recovery,common_bracketable_replacements,primary_2024_2025,nonindustrial_higher,180,10,0.057758120342056136,0.04355130694098495,-0.03603777172720961,0.9898675701207355
PM_RIDGE,dispersed_mod9,foldwise_sampled_mean_recovery,common_bracketable_replacements,primary_2024_2025,nonindustrial_lower,180,10,0.018823335013596877,0.014146901385015346,0.007791190383129983,0.9924177296021665
