comparison,protocol,estimand,metric,units,direction,estimate,ci_low,ci_high,n,n_stations,n_blocks,resampling,seed,replicates,support_sha256
E (trees vs linear),block30,daily,RMSE,ng m-3,a_minus_b,-0.32448022393632137,-0.48503366896467776,-0.17182411286471203,4852,20,25,station_x_block,20260921,2000,5d1137882eec8537744050437f9ce1b569790644db3bdcfe69d5597e07b2e781
E (trees vs linear),block30,station_year_mean,RMSE,ng m-3,a_minus_b,-0.3029293033201638,-0.4249516221300021,-0.16853941557817087,40,20,1,station,20260921,2000,75f77a11b57c142012fafa94a0442f20d6ba5eff6db77fdddfbfa204481e78df
E (trees vs linear),loso,daily,RMSE,ng m-3,a_minus_b,-0.13345223937964068,-0.5002273196853302,0.3088629441132285,4852,20,1,station,20260921,2000,5d1137882eec8537744050437f9ce1b569790644db3bdcfe69d5597e07b2e781
E (trees vs linear),loso,station_year_mean,RMSE,ng m-3,a_minus_b,0.1554268164865742,-0.3180132921729324,0.6364893040375919,40,20,1,station,20260921,2000,75f77a11b57c142012fafa94a0442f20d6ba5eff6db77fdddfbfa204481e78df
E+P (trees vs linear),block30,daily,RMSE,ng m-3,a_minus_b,-0.21559043468419037,-0.3626986406004212,-0.09451453739439306,4852,20,25,station_x_block,20260921,2000,5d1137882eec8537744050437f9ce1b569790644db3bdcfe69d5597e07b2e781
E+P (trees vs linear),block30,station_year_mean,RMSE,ng m-3,a_minus_b,-0.20249066900172663,-0.2665393095662827,-0.1300096112592933,40,20,1,station,20260921,2000,75f77a11b57c142012fafa94a0442f20d6ba5eff6db77fdddfbfa204481e78df
E+P (trees vs linear),loso,daily,RMSE,ng m-3,a_minus_b,-0.21191355692137792,-0.34455484503658845,-0.060683288470514705,4852,20,1,station,20260921,2000,5d1137882eec8537744050437f9ce1b569790644db3bdcfe69d5597e07b2e781
E+P (trees vs linear),loso,station_year_mean,RMSE,ng m-3,a_minus_b,-0.1356181645769734,-0.28584748286231243,0.030597820949249514,40,20,1,station,20260921,2000,75f77a11b57c142012fafa94a0442f20d6ba5eff6db77fdddfbfa204481e78df
PM+I vs PM ridge,block30,daily,RMSE,ng m-3,a_minus_b,-0.2043998998096498,-0.32501224815402036,-0.08437341397230654,4852,20,25,station_x_block,20260921,2000,5d1137882eec8537744050437f9ce1b569790644db3bdcfe69d5597e07b2e781
PM+I vs PM ridge,block30,station_year_mean,RMSE,ng m-3,a_minus_b,-0.18852698591919959,-0.2805506352191133,-0.10023382557188248,40,20,1,station,20260921,2000,75f77a11b57c142012fafa94a0442f20d6ba5eff6db77fdddfbfa204481e78df
