comparison,protocol,model,estimand,RMSE,MAE,bias,agreement_R2
E (trees vs linear),block30,trees,daily,1.0381092666685159,0.4376878047590603,-0.03882276769871393,0.7170489967797598
E (trees vs linear),block30,trees,station_year_mean,0.10090551607710117,0.08265309930013438,-0.04097221774043793,0.9828860862210703
E (trees vs linear),block30,linear,daily,1.3625894906048373,0.6301447629708089,-0.1431627842338921,0.512521829574076
E (trees vs linear),block30,linear,station_year_mean,0.403834819397265,0.28713287477527827,-0.1548184681096097,0.7258886316454684
E (trees vs linear),loso,trees,daily,1.356566162511632,0.7161567607206306,0.1681846250238046,0.5168220992459408
E (trees vs linear),loso,trees,station_year_mean,0.7831179029825593,0.505291758859555,0.17421848978301238,-0.030798621079494826
E (trees vs linear),loso,linear,daily,1.4900184018912728,0.7522382701776218,-0.05523295116456131,0.4170807914350121
E (trees vs linear),loso,linear,station_year_mean,0.6276910864959852,0.43042487671387236,-0.09167442740970362,0.3377660418347801
E+P (trees vs linear),block30,trees,daily,0.7388765957420976,0.33287320622607175,-0.01253739034309563,0.8566594973334225
E+P (trees vs linear),block30,trees,station_year_mean,0.07195957427051079,0.054783563684730543,-0.01606947552256603,0.9912964446731427
E+P (trees vs linear),block30,linear,daily,0.9544670304262878,0.46375647778898527,-0.09577539212589957,0.7608078264072967
E+P (trees vs linear),block30,linear,station_year_mean,0.27445024327223744,0.21436168076899528,-0.10485722674915507,0.8733961933612983
E+P (trees vs linear),loso,trees,daily,0.8320170939613196,0.4220179067797898,-0.0017359937196084134,0.8182436466786748
E+P (trees vs linear),loso,trees,station_year_mean,0.3022490695124803,0.25022270364934546,-0.020723801741793266,0.8464501244174628
E+P (trees vs linear),loso,linear,daily,1.0439306508826975,0.5542843471856924,-0.036787656508133676,0.713866701914251
E+P (trees vs linear),loso,linear,station_year_mean,0.4378672340894537,0.3328676125690807,-0.06423900485059719,0.6777414716360561
PM+I vs PM ridge,block30,trees,daily,0.82410539154429,0.3985301170546991,0.0016312187861912643,0.8216838768472158
PM+I vs PM ridge,block30,trees,station_year_mean,0.09940546179722082,0.08341895445255729,-0.0021878839531745673,0.9833911325856239
PM+I vs PM ridge,block30,linear,daily,1.0285052913539396,0.4974852564094944,-0.1263968493901496,0.72226017135115
PM+I vs PM ridge,block30,linear,station_year_mean,0.2879324477164204,0.21940479812118027,-0.1333527701570109,0.8606519992480334
