arm,protocol,estimand,rmse_candidate,rmse_reference,metric,units,direction,estimate,ci_low,ci_high,n,n_stations,n_blocks,resampling,seed,replicates,support_sha256
EP_NOEMIS,block30,daily,0.7511650278433448,0.7388765957420976,RMSE,ng m-3,a_minus_b,0.012288432101247304,-0.027918601596314707,0.05269297922434501,4852,20,25,station_x_block,20260921,2000,5d1137882eec8537744050437f9ce1b569790644db3bdcfe69d5597e07b2e781
EP_NOEMIS,block30,station_year_mean,0.0861399033782691,0.07195957427051079,RMSE,ng m-3,a_minus_b,0.014180329107758308,-0.005300381765751576,0.031706382164523886,40,20,1,station,20260921,2000,75f77a11b57c142012fafa94a0442f20d6ba5eff6db77fdddfbfa204481e78df
EP_NOEMIS,loso,daily,1.0796925408067015,0.8320170939613196,RMSE,ng m-3,a_minus_b,0.2476754468453819,0.06432131549176762,0.4517384298206168,4852,20,1,station,20260921,2000,5d1137882eec8537744050437f9ce1b569790644db3bdcfe69d5597e07b2e781
EP_NOEMIS,loso,station_year_mean,0.545053197954201,0.3022490695124803,RMSE,ng m-3,a_minus_b,0.24280412844172072,0.04993979243231727,0.4339831540281613,40,20,1,station,20260921,2000,75f77a11b57c142012fafa94a0442f20d6ba5eff6db77fdddfbfa204481e78df
EP_NOMET,block30,daily,0.8177976178382228,0.7388765957420976,RMSE,ng m-3,a_minus_b,0.07892102209612517,0.03084217398328341,0.13065532295438018,4852,20,25,station_x_block,20260921,2000,5d1137882eec8537744050437f9ce1b569790644db3bdcfe69d5597e07b2e781
EP_NOMET,block30,station_year_mean,0.10068240121621068,0.07195957427051079,RMSE,ng m-3,a_minus_b,0.028722826945699886,0.010363627315489309,0.0498361310784711,40,20,1,station,20260921,2000,75f77a11b57c142012fafa94a0442f20d6ba5eff6db77fdddfbfa204481e78df
EP_NOMET,loso,daily,0.8977237571381383,0.8320170939613196,RMSE,ng m-3,a_minus_b,0.06570666317681872,0.008582912302114845,0.12431516522901202,4852,20,1,station,20260921,2000,5d1137882eec8537744050437f9ce1b569790644db3bdcfe69d5597e07b2e781
EP_NOMET,loso,station_year_mean,0.3268549402725211,0.3022490695124803,RMSE,ng m-3,a_minus_b,0.024605870760040782,-0.028475039490231356,0.07697436121004059,40,20,1,station,20260921,2000,75f77a11b57c142012fafa94a0442f20d6ba5eff6db77fdddfbfa204481e78df
EP_NOTER,block30,daily,0.7654831217827278,0.7388765957420976,RMSE,ng m-3,a_minus_b,0.026606526040630296,0.0013573493220150861,0.05521342505089612,4852,20,25,station_x_block,20260921,2000,5d1137882eec8537744050437f9ce1b569790644db3bdcfe69d5597e07b2e781
EP_NOTER,block30,station_year_mean,0.11724260090058772,0.07195957427051079,RMSE,ng m-3,a_minus_b,0.045283026630076925,0.011401014410737398,0.07899773696601328,40,20,1,station,20260921,2000,75f77a11b57c142012fafa94a0442f20d6ba5eff6db77fdddfbfa204481e78df
EP_NOTER,loso,daily,0.8484338816379068,0.8320170939613196,RMSE,ng m-3,a_minus_b,0.016416787676587163,-0.054344937185192524,0.11232642590506087,4852,20,1,station,20260921,2000,5d1137882eec8537744050437f9ce1b569790644db3bdcfe69d5597e07b2e781
EP_NOTER,loso,station_year_mean,0.32499919587840065,0.3022490695124803,RMSE,ng m-3,a_minus_b,0.02275012636592033,-0.054399897784464885,0.10803869399914971,40,20,1,station,20260921,2000,75f77a11b57c142012fafa94a0442f20d6ba5eff6db77fdddfbfa204481e78df
EP_NOTRAF,block30,daily,0.7380728486783648,0.7388765957420976,RMSE,ng m-3,a_minus_b,-0.0008037470637328736,-0.013995601495906016,0.010302346683016475,4852,20,25,station_x_block,20260921,2000,5d1137882eec8537744050437f9ce1b569790644db3bdcfe69d5597e07b2e781
EP_NOTRAF,block30,station_year_mean,0.07023691304206106,0.07195957427051079,RMSE,ng m-3,a_minus_b,-0.0017226612284497317,-0.004576042894276294,0.001098763881931627,40,20,1,station,20260921,2000,75f77a11b57c142012fafa94a0442f20d6ba5eff6db77fdddfbfa204481e78df
EP_NOTRAF,loso,daily,0.8320078950026307,0.8320170939613196,RMSE,ng m-3,a_minus_b,-9.198958688894088e-06,-0.005572561361261846,0.0053518655716478375,4852,20,1,station,20260921,2000,5d1137882eec8537744050437f9ce1b569790644db3bdcfe69d5597e07b2e781
EP_NOTRAF,loso,station_year_mean,0.30126519927267276,0.3022490695124803,RMSE,ng m-3,a_minus_b,-0.0009838702398075605,-0.011132303611142091,0.007950582116917822,40,20,1,station,20260921,2000,75f77a11b57c142012fafa94a0442f20d6ba5eff6db77fdddfbfa204481e78df
