method,protocol,estimand,support,scope,n,n_stations,RMSE,MAE,bias,agreement_R2
E_NO2|log1p|uniform|permissive|none,block30,daily,all_expected_targets,all_network,5089,21,1.5897574196271318,0.5556017652363135,-0.12308319112277459,0.6074693582343803
E_NO2|log1p|uniform|permissive|none,block30,daily,all_expected_targets,nonindustrial,4852,20,0.9590222064062919,0.40711492598878807,-0.04366075618998352,0.7585192981143534
E_NO2|log1p|uniform|permissive|none,block30,daily,all_expected_targets,industrial_descriptive,237,1,5.953078360572993,3.5955095459493673,-1.7490648548101266,0.05271710703040744
E_NO2|log1p|uniform|permissive|none,block30,daily,all_expected_targets,nonindustrial_higher,2394,10,1.2965224119455838,0.6272678744159148,-0.08985071709411027,0.7358054763777653
E_NO2|log1p|uniform|permissive|none,block30,daily,all_expected_targets,nonindustrial_lower,2458,10,0.42225315714565265,0.1926941942823027,0.0013265368956468723,0.675309111826479
E_NO2|log1p|uniform|permissive|none,block30,station_year_mean,all_sampled_dates,all_network,42,21,0.402459185746118,0.15877835849804442,-0.1262354697315851,0.9016078344947217
E_NO2|log1p|uniform|permissive|none,block30,station_year_mean,all_sampled_dates,nonindustrial,40,20,0.1114053219878506,0.07920089339616984,-0.04503086019138754,0.9791391788258769
E_NO2|log1p|uniform|permissive|none,block30,station_year_mean,all_sampled_dates,industrial_descriptive,2,1,1.7757303862567821,1.750327660535536,-1.750327660535536,-69.72404495533732
E_NO2|log1p|uniform|permissive|none,block30,station_year_mean,all_sampled_dates,nonindustrial_higher,20,10,0.14050225373670266,0.10170900006774683,-0.09157230795233551,0.9400410407866151
E_NO2|log1p|uniform|permissive|none,block30,station_year_mean,all_sampled_dates,nonindustrial_lower,20,10,0.07128399700732664,0.0566927867245929,0.001510587569560433,0.8912597790442439
E_NO2|log1p|uniform|permissive|none,loso,daily,all_expected_targets,all_network,5089,21,2.195747861683038,0.8503620896056004,-0.230948919232246,0.2511811296235119
E_NO2|log1p|uniform|permissive|none,loso,daily,all_expected_targets,nonindustrial,4852,20,1.3459406000732521,0.6248239351803174,0.023638894479616656,0.5243616213632634
E_NO2|log1p|uniform|permissive|none,loso,daily,all_expected_targets,industrial_descriptive,237,1,8.150993219554264,5.467708609738397,-5.443016734126582,-0.7758961254590093
E_NO2|log1p|uniform|permissive|none,loso,daily,all_expected_targets,nonindustrial_higher,2394,10,1.7265205722469816,0.8679845577715121,-0.22734863953508772,0.5315025092498729
E_NO2|log1p|uniform|permissive|none,loso,daily,all_expected_targets,nonindustrial_lower,2458,10,0.8201737160363579,0.3879945899877543,0.2680913584467453,-0.22499970783692036
E_NO2|log1p|uniform|permissive|none,loso,station_year_mean,all_sampled_dates,all_network,42,21,1.3618000709232003,0.6909051201135341,-0.2641925961996637,-0.12653200740389714
E_NO2|log1p|uniform|permissive|none,loso,station_year_mean,all_sampled_dates,nonindustrial,40,20,0.6798971658399329,0.45324723531647076,-0.005199085206906873,0.2230268958604632
E_NO2|log1p|uniform|permissive|none,loso,station_year_mean,all_sampled_dates,industrial_descriptive,2,1,5.449705035518129,5.4440628160547995,-5.4440628160547995,-665.130060175558
E_NO2|log1p|uniform|permissive|none,loso,station_year_mean,all_sampled_dates,nonindustrial_higher,20,10,0.8417165496812223,0.6153909231722337,-0.27589054259133644,-1.1518858852658314
E_NO2|log1p|uniform|permissive|none,loso,station_year_mean,all_sampled_dates,nonindustrial_lower,20,10,0.4647941073497864,0.2911035474607078,0.26549237217752275,-3.623036809912226
E_PM|log1p|uniform|permissive|none,block30,daily,all_expected_targets,all_network,5089,21,1.362809115668673,0.4699700619460208,-0.07406304891847122,0.7115424550758667
E_PM|log1p|uniform|permissive|none,block30,daily,all_expected_targets,nonindustrial,4852,20,0.7258721658396613,0.33170042110537923,-0.007874321093590275,0.8616607587993049
E_PM|log1p|uniform|permissive|none,block30,daily,all_expected_targets,industrial_descriptive,237,1,5.393802638270276,3.3007054938396627,-1.4291166666666666,0.2223456624358413
E_PM|log1p|uniform|permissive|none,block30,daily,all_expected_targets,nonindustrial_higher,2394,10,0.955487614338679,0.4925306142893901,-0.03445052961687552,0.8565125631514345
E_PM|log1p|uniform|permissive|none,block30,daily,all_expected_targets,nonindustrial_lower,2458,10,0.3884281037754706,0.17505783262591537,0.018009911292392183,0.7252450156789068
E_PM|log1p|uniform|permissive|none,block30,station_year_mean,all_sampled_dates,all_network,42,21,0.3233758518285947,0.13321594127656683,-0.07911492853525903,0.9364768534727189
E_PM|log1p|uniform|permissive|none,block30,station_year_mean,all_sampled_dates,nonindustrial,40,20,0.08418563534321075,0.06844521841048846,-0.011639155032115283,0.9880877030365416
E_PM|log1p|uniform|permissive|none,block30,station_year_mean,all_sampled_dates,industrial_descriptive,2,1,1.4332712054947772,1.4286303985981341,-1.4286303985981341,-45.075471767559556
E_PM|log1p|uniform|permissive|none,block30,station_year_mean,all_sampled_dates,nonindustrial_higher,20,10,0.10351264986886151,0.08710562471108482,-0.040164360742257724,0.9674557432712523
E_PM|log1p|uniform|permissive|none,block30,station_year_mean,all_sampled_dates,nonindustrial_lower,20,10,0.05881814102304316,0.04978481210989211,0.01688605067802716,0.9259664264255778
E_PM|log1p|uniform|permissive|none,loso,daily,all_expected_targets,all_network,5089,21,1.9800259668740665,0.7269843259155591,-0.20319640812208295,0.3910892872119839
E_PM|log1p|uniform|permissive|none,loso,daily,all_expected_targets,nonindustrial,4852,20,1.0184254147150047,0.5065457891616406,0.04120669995027205,0.7276774785093312
E_PM|log1p|uniform|permissive|none,loso,daily,all_expected_targets,industrial_descriptive,237,1,7.934061442520811,5.239928546717299,-5.2067570847763704,-0.6826260751624071
E_PM|log1p|uniform|permissive|none,loso,daily,all_expected_targets,nonindustrial_higher,2394,10,1.2568076531376593,0.6477282360477026,-0.18857437267552213,0.7517430660936
E_PM|log1p|uniform|permissive|none,loso,daily,all_expected_targets,nonindustrial_lower,2458,10,0.713398365631369,0.3690393701847355,0.2650048642570871,0.07319469631803821
E_PM|log1p|uniform|permissive|none,loso,station_year_mean,all_sampled_dates,all_network,42,21,1.2341282394510649,0.5893124460275762,-0.21296055185079557,0.07479619404818871
E_PM|log1p|uniform|permissive|none,loso,station_year_mean,all_sampled_dates,nonindustrial,40,20,0.48992667318203686,0.3583874115183049,0.03678207736731491,0.596557456861555
E_PM|log1p|uniform|permissive|none,loso,station_year_mean,all_sampled_dates,industrial_descriptive,2,1,5.213823917022697,5.207813136213003,-5.207813136213003,-608.7134263760582
E_PM|log1p|uniform|permissive|none,loso,station_year_mean,all_sampled_dates,nonindustrial_higher,20,10,0.5379173037311942,0.44015393113460544,-0.20305673716737438,0.12114235653950689
E_PM|log1p|uniform|permissive|none,loso,station_year_mean,all_sampled_dates,nonindustrial_lower,20,10,0.4366935590743226,0.27662089190200423,0.27662089190200423,-3.0809351869346884
E_P_500M,block30,daily,all_expected_targets,all_network,5089,21,1.371436572543209,0.46941183151481625,-0.07494177323142072,0.7078786515504628
E_P_500M,block30,daily,all_expected_targets,nonindustrial,4852,20,0.7388765957420976,0.33287320622607175,-0.01253739034309563,0.8566594973334225
E_P_500M,block30,daily,all_expected_targets,industrial_descriptive,237,1,5.404597108070753,3.2647089197046415,-1.3525201098312238,0.21922995111547805
E_P_500M,block30,daily,all_expected_targets,nonindustrial_higher,2394,10,0.9746518480963506,0.49515050999456983,-0.03055535400459483,0.8506989797954083
E_P_500M,block30,daily,all_expected_targets,nonindustrial_lower,2458,10,0.3904488975875481,0.17482118620093573,0.005011431872375914,0.7223787583788253
E_P_500M,block30,station_year_mean,all_sampled_dates,all_network,42,21,0.30339630937441636,0.11657659660289446,-0.07970603644845206,0.9440838298487328
E_P_500M,block30,station_year_mean,all_sampled_dates,nonindustrial,40,20,0.07195957427051079,0.054783563684730543,-0.01606947552256603,0.9912964446731427
E_P_500M,block30,station_year_mean,all_sampled_dates,industrial_descriptive,2,1,1.3525798034860954,1.3524372549661727,-1.3524372549661727,-40.03352581188973
E_P_500M,block30,station_year_mean,all_sampled_dates,nonindustrial_higher,20,10,0.0838442123423272,0.06618999295884881,-0.03531236246191144,0.9786482398264299
E_P_500M,block30,station_year_mean,all_sampled_dates,nonindustrial_lower,20,10,0.057675893708559606,0.04337713441061225,0.003173411416779383,0.9288139672383483
E_P_500M,loso,daily,all_expected_targets,all_network,5089,21,1.903128319277684,0.6473994699195029,-0.24494604441193754,0.4374670231926352
E_P_500M,loso,daily,all_expected_targets,nonindustrial,4852,20,0.8320170939613196,0.4220179067797898,-0.0017359937196084134,0.8182436466786748
E_P_500M,loso,daily,all_expected_targets,industrial_descriptive,237,1,7.974915050627352,5.261540163395823,-5.224081765758692,-0.69999884854878
E_P_500M,loso,daily,all_expected_targets,nonindustrial_higher,2394,10,1.032748910066382,0.5437220164172932,-0.14978341740392648,0.8323694211333379
E_P_500M,loso,daily,all_expected_targets,nonindustrial_lower,2458,10,0.572434147169779,0.30348265923211554,0.1424566557109276,0.40327345775996404
E_P_500M,loso,station_year_mean,all_sampled_dates,all_network,42,21,1.17905709829506,0.48712411656303967,-0.2685537337939425,0.1555255679583678
E_P_500M,loso,station_year_mean,all_sampled_dates,nonindustrial,40,20,0.3022490695124803,0.25022270364934546,-0.020723801741793266,0.8464501244174628
E_P_500M,loso,station_year_mean,all_sampled_dates,industrial_descriptive,2,1,5.231309440418918,5.2251523748369255,-5.2251523748369255,-612.8098575696151
E_P_500M,loso,station_year_mean,all_sampled_dates,nonindustrial_higher,20,10,0.32054587972691206,0.2865167692477284,-0.17768671925123294,0.6879185881164518
E_P_500M,loso,station_year_mean,all_sampled_dates,nonindustrial_lower,20,10,0.2827708242241769,0.21392863805096254,0.13623911576764644,-0.7110997191008954
E_P_MATCHED,block30,daily,all_expected_targets,all_network,5089,21,1.3692232000579927,0.46960013497420705,-0.08364000792653567,0.7088208046371964
E_P_MATCHED,block30,daily,all_expected_targets,nonindustrial,4852,20,0.7384238865966612,0.3313124247410841,-0.01791907467809975,0.8568350927639397
E_P_MATCHED,block30,daily,all_expected_targets,industrial_descriptive,237,1,5.393802638270276,3.3007054938396627,-1.4291166666666666,0.2223456624358413
E_P_MATCHED,block30,daily,all_expected_targets,nonindustrial_higher,2394,10,0.9775591102226983,0.4991455911881788,-0.04718654825083543,0.8498069595915899
E_P_MATCHED,block30,daily,all_expected_targets,nonindustrial_lower,2458,10,0.3815787848100359,0.16784920241628964,0.010586349135215624,0.7348493283909716
E_P_MATCHED,block30,station_year_mean,all_sampled_dates,all_network,42,21,0.3242165550464209,0.13258428171255124,-0.08914239087226286,0.9361461328414336
E_P_MATCHED,block30,station_year_mean,all_sampled_dates,nonindustrial,40,20,0.08751500368196714,0.06778197586827209,-0.022167990485969298,0.9871268581560353
E_P_MATCHED,block30,station_year_mean,all_sampled_dates,industrial_descriptive,2,1,1.4332712054947772,1.4286303985981341,-1.4286303985981341,-45.075471767559556
E_P_MATCHED,block30,station_year_mean,all_sampled_dates,nonindustrial_higher,20,10,0.11073971883229018,0.09130923037617175,-0.05399612261870249,0.9627527394097264
E_P_MATCHED,block30,station_year_mean,all_sampled_dates,nonindustrial_lower,20,10,0.05526722728575013,0.04425472136037244,0.0096601416467639,0.9346355699962868
E_P_MATCHED,loso,daily,all_expected_targets,all_network,5089,21,1.9806041873932223,0.6946771485999862,-0.25425336831556883,0.3907335988690761
E_P_MATCHED,loso,daily,all_expected_targets,nonindustrial,4852,20,1.0196039945356508,0.4726605407364654,-0.012344180186712695,0.7270468195785742
E_P_MATCHED,loso,daily,all_expected_targets,industrial_descriptive,237,1,7.934061442520811,5.239928546717299,-5.2067570847763704,-0.6826260751624071
E_P_MATCHED,loso,daily,all_expected_targets,nonindustrial_higher,2394,10,1.272756640877626,0.6363919531474519,-0.22874383490350875,0.7454022873267745
E_P_MATCHED,loso,daily,all_expected_targets,nonindustrial_lower,2458,10,0.6887562059372637,0.3131922733190928,0.19842098392720506,0.1361161793613358
E_P_MATCHED,loso,station_year_mean,all_sampled_dates,all_network,42,21,1.2408708910165964,0.556688300015847,-0.27037074159126845,0.06465888704919409
E_P_MATCHED,loso,station_year_mean,all_sampled_dates,nonindustrial,40,20,0.5074944380927165,0.32413205820598917,-0.02349862186018171,0.5671054704697542
E_P_MATCHED,loso,station_year_mean,all_sampled_dates,industrial_descriptive,2,1,5.213823917022697,5.207813136213003,-5.207813136213003,-608.7134263760582
E_P_MATCHED,loso,station_year_mean,all_sampled_dates,nonindustrial_higher,20,10,0.5664265459598352,0.4174572933363055,-0.25257573535676403,0.02551602506723971
E_P_MATCHED,loso,station_year_mean,all_sampled_dates,nonindustrial_lower,20,10,0.4407518320121821,0.2308068230756728,0.20557849163640068,-3.1571373805891394
E_P_M_I|log1p|uniform|permissive|none,block30,daily,all_expected_targets,all_network,5089,21,1.3585779482305553,0.4652142645847907,-0.0760771502778542,0.713330845645187
E_P_M_I|log1p|uniform|permissive|none,block30,daily,all_expected_targets,nonindustrial,4852,20,0.7287832974255112,0.32737635850824404,-0.01931975398887057,0.8605489065440999
E_P_M_I|log1p|uniform|permissive|none,block30,daily,all_expected_targets,industrial_descriptive,237,1,5.362757012517605,3.28711097464135,-1.238047136751055,0.2312719382864884
E_P_M_I|log1p|uniform|permissive|none,block30,daily,all_expected_targets,nonindustrial_higher,2394,10,0.96313187312662,0.49265088613475366,-0.0440358767663325,0.8542074726209576
E_P_M_I|log1p|uniform|permissive|none,block30,daily,all_expected_targets,nonindustrial_lower,2458,10,0.38072427069209136,0.16640515462790884,0.004752824501464607,0.7360355646457493
E_P_M_I|log1p|uniform|permissive|none,block30,station_year_mean,all_sampled_dates,all_network,42,21,0.2815798058750763,0.1188448465230503,-0.08092845529583381,0.9518363001781269
E_P_M_I|log1p|uniform|permissive|none,block30,station_year_mean,all_sampled_dates,nonindustrial,40,20,0.08129996766926545,0.0628879835528419,-0.023075772764264584,0.9888903527500453
E_P_M_I|log1p|uniform|permissive|none,block30,station_year_mean,all_sampled_dates,industrial_descriptive,2,1,1.2380780402499216,1.2379821059272182,-1.2379821059272182,-33.38025392346273
E_P_M_I|log1p|uniform|permissive|none,block30,station_year_mean,all_sampled_dates,nonindustrial_higher,20,10,0.10163580241656994,0.08332464906366806,-0.04945561240196808,0.9686252015276787
E_P_M_I|log1p|uniform|permissive|none,block30,station_year_mean,all_sampled_dates,nonindustrial_lower,20,10,0.05375437799088716,0.042451318042015754,0.00330406687343891,0.9381650795694223
E_P_M|log1p|uniform|permissive|none,block30,daily,all_expected_targets,all_network,5089,21,1.3580778574847296,0.4685580866070741,-0.07608267992167421,0.7135418518755932
E_P_M|log1p|uniform|permissive|none,block30,daily,all_expected_targets,nonindustrial,4852,20,0.7325098729211165,0.3339732869627782,-0.01091024727976093,0.8591191161303137
E_P_M|log1p|uniform|permissive|none,block30,daily,all_expected_targets,industrial_descriptive,237,1,5.3496266077122,3.223855335021097,-1.4103301194936708,0.2350317035246019
E_P_M|log1p|uniform|permissive|none,block30,daily,all_expected_targets,nonindustrial_higher,2394,10,0.9660144490325129,0.5001423203640769,-0.03699132138162072,0.8533334761567333
E_P_M|log1p|uniform|permissive|none,block30,daily,all_expected_targets,nonindustrial_lower,2458,10,0.38766519074984956,0.17213086793807975,0.014491742712042309,0.7263232502474197
E_P_M|log1p|uniform|permissive|none,block30,station_year_mean,all_sampled_dates,all_network,42,21,0.31771761221852585,0.1257368639258765,-0.08118985333874564,0.9386803862477562
E_P_M|log1p|uniform|permissive|none,block30,station_year_mean,all_sampled_dates,nonindustrial,40,20,0.0792347720698776,0.061523779744570975,-0.014749418628083585,0.989447602321366
E_P_M|log1p|uniform|permissive|none,block30,station_year_mean,all_sampled_dates,industrial_descriptive,2,1,1.412186645345212,1.4099985475519867,-1.4099985475519867,-43.729829125124944
E_P_M|log1p|uniform|permissive|none,block30,station_year_mean,all_sampled_dates,nonindustrial_higher,20,10,0.09863524178085371,0.0813850813578909,-0.04303778419180583,0.9704503914998349
E_P_M|log1p|uniform|permissive|none,block30,station_year_mean,all_sampled_dates,nonindustrial_lower,20,10,0.053173182044743576,0.04166247813125103,0.01353894693563866,0.9394949776456885
E_P_M|log1p|uniform|permissive|none,loso,daily,all_expected_targets,all_network,5089,21,1.952574728454175,0.6752653069560908,-0.2740550633663875,0.40785622050897397
E_P_M|log1p|uniform|permissive|none,loso,daily,all_expected_targets,nonindustrial,4852,20,0.9638336164966109,0.45328279034327007,-0.034577176652420855,0.7560902047986412
E_P_M|log1p|uniform|permissive|none,loso,daily,all_expected_targets,industrial_descriptive,237,1,7.927591421898171,5.21981876942616,-5.176783782084389,-0.6798829185570587
E_P_M|log1p|uniform|permissive|none,loso,daily,all_expected_targets,nonindustrial_higher,2394,10,1.2688985151989591,0.6457424243446116,-0.22532210600208857,0.7469434793455489
E_P_M|log1p|uniform|permissive|none,loso,daily,all_expected_targets,nonindustrial_lower,2458,10,0.5153463551426898,0.26583431035986416,0.15120124517959885,0.5163594483488981
E_P_M|log1p|uniform|permissive|none,loso,station_year_mean,all_sampled_dates,all_network,42,21,1.204861029422793,0.5252214180195031,-0.2934815391349363,0.11815806816458174
E_P_M|log1p|uniform|permissive|none,loso,station_year_mean,all_sampled_dates,nonindustrial,40,20,0.42464952009209067,0.2925881123768003,-0.04926123954800524,0.6969035853970567
E_P_M|log1p|uniform|permissive|none,loso,station_year_mean,all_sampled_dates,industrial_descriptive,2,1,5.184491084606854,5.177887530873559,-5.177887530873559,-601.8722622546242
E_P_M|log1p|uniform|permissive|none,loso,station_year_mean,all_sampled_dates,nonindustrial_higher,20,10,0.5658028824596635,0.41252010840526115,-0.24855818142871314,0.02766075331002582
E_P_M|log1p|uniform|permissive|none,loso,station_year_mean,all_sampled_dates,nonindustrial_lower,20,10,0.20129959768768063,0.1726561163483395,0.15003570233270264,0.13285457249430466
E_P|identity|uniform|permissive|none,block30,daily,all_expected_targets,all_network,5089,21,1.4490608350921328,0.5523711149287168,0.0872715197098369,0.6738742578802864
E_P|identity|uniform|permissive|none,block30,daily,all_expected_targets,nonindustrial,4852,20,0.8586774482595877,0.40934994392667773,0.10740486291495467,0.8064089762063054
E_P|identity|uniform|permissive|none,block30,daily,all_expected_targets,industrial_descriptive,237,1,5.476553895198281,3.4803825989029535,-0.32490983569620263,0.19830121042322435
E_P|identity|uniform|permissive|none,block30,daily,all_expected_targets,nonindustrial_higher,2394,10,1.097676622370419,0.5784399780988722,0.11043959353796992,0.8106293874092956
E_P|identity|uniform|permissive|none,block30,daily,all_expected_targets,nonindustrial_lower,2458,10,0.5309747599089409,0.2446625794806916,0.10444914887447518,0.48658087204533307
E_P|identity|uniform|permissive|none,block30,station_year_mean,all_sampled_dates,all_network,42,21,0.1687212114136548,0.13304705360465965,0.08424000425615659,0.9827075630622362
E_P|identity|uniform|permissive|none,block30,station_year_mean,all_sampled_dates,nonindustrial,40,20,0.1491302450484402,0.12350015550127916,0.10465125525257787,0.962618993844035
E_P|identity|uniform|permissive|none,block30,station_year_mean,all_sampled_dates,industrial_descriptive,2,1,0.39116133632372047,0.3239850156722692,-0.3239850156722692,-2.4318230038147624
E_P|identity|uniform|permissive|none,block30,station_year_mean,all_sampled_dates,nonindustrial_higher,20,10,0.16614710556021597,0.13111008711248817,0.10319019966682874,0.9161557925050751
E_P|identity|uniform|permissive|none,block30,station_year_mean,all_sampled_dates,nonindustrial_lower,20,10,0.12990303803367373,0.11589022389007013,0.10611231083832702,0.6388856551960431
E_P|identity|uniform|permissive|none,loso,daily,all_expected_targets,all_network,5089,21,1.8830939634421375,0.7267664351425274,-0.07975817377958777,0.44924832640316903
E_P|identity|uniform|permissive|none,loso,daily,all_expected_targets,nonindustrial,4852,20,0.9418519933277754,0.522415671238937,0.152911895660486,0.7670887720723673
E_P|identity|uniform|permissive|none,loso,daily,all_expected_targets,industrial_descriptive,237,1,7.61457488506376,4.91035253835021,-4.843113350670886,-0.5498434068967595
E_P|identity|uniform|permissive|none,loso,daily,all_expected_targets,nonindustrial_higher,2394,10,1.1118617419462624,0.6440649393599416,0.000872690548997485,0.8057033432371694
E_P|identity|uniform|permissive|none,loso,daily,all_expected_targets,nonindustrial_lower,2458,10,0.7396112661644882,0.4039338372756803,0.30099239079348167,0.003834891392119344
E_P|identity|uniform|permissive|none,loso,station_year_mean,all_sampled_dates,all_network,42,21,1.135231723028533,0.5407823760439628,-0.09320757469873261,0.2171368196181901
E_P|identity|uniform|permissive|none,loso,station_year_mean,all_sampled_dates,nonindustrial,40,20,0.4198500987444172,0.32560937328628703,0.14434416812620465,0.7037161065001298
E_P|identity|uniform|permissive|none,loso,station_year_mean,all_sampled_dates,industrial_descriptive,2,1,4.851627588352493,4.844242431197479,-4.844242431197479,-526.9441144238825
E_P|identity|uniform|permissive|none,loso,station_year_mean,all_sampled_dates,nonindustrial_higher,20,10,0.4069311333605218,0.33664045256366937,-0.020718776998088384,0.49704475632515055
E_P|identity|uniform|permissive|none,loso,station_year_mean,all_sampled_dates,nonindustrial_lower,20,10,0.43238323687825236,0.31457829400890475,0.3094071132504977,-3.000772177301048
E_P|log1p|inverse_1_over_bap_plus_0_5|permissive|none,block30,daily,all_expected_targets,all_network,5089,21,1.4610488131421226,0.4745086290632148,-0.16390639195533502,0.6684559068810421
E_P|log1p|inverse_1_over_bap_plus_0_5|permissive|none,block30,daily,all_expected_targets,nonindustrial,4852,20,0.748930788115972,0.33093757551786895,-0.05610804721984748,0.8527319719287366
E_P|log1p|inverse_1_over_bap_plus_0_5|permissive|none,block30,daily,all_expected_targets,industrial_descriptive,237,1,5.86120385259526,3.413777624008439,-2.3708159643459914,0.08173052290070382
E_P|log1p|inverse_1_over_bap_plus_0_5|permissive|none,block30,daily,all_expected_targets,nonindustrial_higher,2394,10,0.9940051186733994,0.49815773756516296,-0.10125178107393486,0.8447108918414968
E_P|log1p|inverse_1_over_bap_plus_0_5|permissive|none,block30,daily,all_expected_targets,nonindustrial_lower,2458,10,0.38061835559028556,0.1680713965344589,-0.0121397401219284,0.7361824107144166
E_P|log1p|inverse_1_over_bap_plus_0_5|permissive|none,block30,station_year_mean,all_sampled_dates,all_network,42,21,0.5277196632414871,0.186967676707576,-0.1713570074701202,0.830829986531063
E_P|log1p|inverse_1_over_bap_plus_0_5|permissive|none,block30,station_year_mean,all_sampled_dates,nonindustrial,40,20,0.10441212889482018,0.07775676379891908,-0.06136556109959048,0.9816759518007
E_P|log1p|inverse_1_over_bap_plus_0_5|permissive|none,block30,station_year_mean,all_sampled_dates,industrial_descriptive,2,1,2.3728065764404205,2.3711859348807147,-2.3711859348807147,-125.28091310171656
E_P|log1p|inverse_1_over_bap_plus_0_5|permissive|none,block30,station_year_mean,all_sampled_dates,nonindustrial_higher,20,10,0.13788560289855215,0.11635177604636464,-0.10895071915694339,0.9422535422497667
E_P|log1p|inverse_1_over_bap_plus_0_5|permissive|none,block30,station_year_mean,all_sampled_dates,nonindustrial_lower,20,10,0.05283318875479578,0.03916175155147353,-0.013780403042237575,0.9402662511938217
E_P|log1p|inverse_1_over_bap_plus_0_5|permissive|none,loso,daily,all_expected_targets,all_network,5089,21,1.9586335330496272,0.6618768110030064,-0.333035132701179,0.40417569585718693
E_P|log1p|inverse_1_over_bap_plus_0_5|permissive|none,loso,daily,all_expected_targets,nonindustrial,4852,20,0.9745566430618583,0.43817845535063893,-0.09548181615896538,0.7506328309778272
E_P|log1p|inverse_1_over_bap_plus_0_5|permissive|none,loso,daily,all_expected_targets,industrial_descriptive,237,1,7.932844116938928,5.241557914907173,-5.196362946468355,-0.6821097830603289
E_P|log1p|inverse_1_over_bap_plus_0_5|permissive|none,loso,daily,all_expected_targets,nonindustrial_higher,2394,10,1.3130479742758436,0.6465352771533,-0.3103067516670844,0.7290276722192153
E_P|log1p|inverse_1_over_bap_plus_0_5|permissive|none,loso,daily,all_expected_targets,nonindustrial_lower,2458,10,0.44225331357440295,0.23524670946147275,0.11374963038555735,0.6438224999349202
E_P|log1p|inverse_1_over_bap_plus_0_5|permissive|none,loso,station_year_mean,all_sampled_dates,all_network,42,21,1.2136100986617095,0.510908638621632,-0.35386389502656285,0.10530462175300925
E_P|log1p|inverse_1_over_bap_plus_0_5|permissive|none,loso,station_year_mean,all_sampled_dates,nonindustrial,40,20,0.4390004512438115,0.27658327409734945,-0.1116862933225268,0.6760712783654712
E_P|log1p|inverse_1_over_bap_plus_0_5|permissive|none,loso,station_year_mean,all_sampled_dates,industrial_descriptive,2,1,5.203403787829845,5.197415929107285,-5.197415929107285,-606.278766493905
E_P|log1p|inverse_1_over_bap_plus_0_5|permissive|none,loso,station_year_mean,all_sampled_dates,nonindustrial_higher,20,10,0.5969016059726164,0.4126486401698771,-0.33697429505085474,-0.08216379267633878
E_P|log1p|inverse_1_over_bap_plus_0_5|permissive|none,loso,station_year_mean,all_sampled_dates,nonindustrial_lower,20,10,0.17073741585209617,0.14051790802482178,0.11360170840580115,0.3761739122584995
E_P|log1p|uniform|permissive|mask,block30,daily,all_expected_targets,all_network,5089,21,1.4256452609882713,0.4850542190115288,-0.07902175928564945,0.6843289224517195
E_P|log1p|uniform|permissive|mask,block30,daily,all_expected_targets,nonindustrial,4852,20,0.7545567738559427,0.34093286417552965,-0.011332161437483515,0.8505110997216883
E_P|log1p|uniform|permissive|mask,block30,daily,all_expected_targets,industrial_descriptive,237,1,5.655622062072712,3.4355892977637135,-1.4648020494092824,0.14501744030111496
E_P|log1p|uniform|permissive|mask,block30,daily,all_expected_targets,nonindustrial_higher,2394,10,0.9988652199012484,0.5063791264834461,-0.031314332032318294,0.8431886343768075
E_P|log1p|uniform|permissive|mask,block30,daily,all_expected_targets,nonindustrial_lower,2458,10,0.3900434935693546,0.17979439714332793,0.008129724813140764,0.7229549686729665
E_P|log1p|uniform|permissive|mask,block30,station_year_mean,all_sampled_dates,all_network,42,21,0.327735803479608,0.12491327010539754,-0.08349790059801154,0.9347523901040362
E_P|log1p|uniform|permissive|mask,block30,station_year_mean,all_sampled_dates,nonindustrial,40,20,0.07389810744581296,0.05791416629246131,-0.014428028309706003,0.990821194736
E_P|log1p|uniform|permissive|mask,block30,station_year_mean,all_sampled_dates,industrial_descriptive,2,1,1.465062213303398,1.4648953463641226,-1.4648953463641226,-47.142115802684664
E_P|log1p|uniform|permissive|mask,block30,station_year_mean,all_sampled_dates,nonindustrial_higher,20,10,0.08620119920813929,0.0688569457245775,-0.03544623113850168,0.977430906296231
E_P|log1p|uniform|permissive|mask,block30,station_year_mean,all_sampled_dates,nonindustrial_lower,20,10,0.059086494423214175,0.04697138686034513,0.006590174519089674,0.9252893400004408
E_P|log1p|uniform|permissive|mask,loso,daily,all_expected_targets,all_network,5089,21,2.0136340931406562,0.7566262205762939,-0.20153555425481623,0.37024307097460696
E_P|log1p|uniform|permissive|mask,loso,daily,all_expected_targets,nonindustrial,4852,20,1.0357521620608525,0.5307866532661707,0.050688374398709816,0.7183324607858759
E_P|log1p|uniform|permissive|mask,loso,daily,all_expected_targets,industrial_descriptive,237,1,8.06862462635365,5.380143438250211,-5.365208557743881,-0.7401853926701414
E_P|log1p|uniform|permissive|mask,loso,daily,all_expected_targets,nonindustrial_higher,2394,10,1.2341192139095223,0.6616362258962406,-0.20591663834736842,0.760625446160798
E_P|log1p|uniform|permissive|mask,loso,daily,all_expected_targets,nonindustrial_lower,2458,10,0.7963910228550344,0.4033440670674776,0.30061205239468675,-0.1549867501134714
E_P|log1p|uniform|permissive|mask,loso,station_year_mean,all_sampled_dates,all_network,42,21,1.2906610830683547,0.6215935252853716,-0.2164359940558373,-0.01190853924118751
E_P|log1p|uniform|permissive|mask,loso,station_year_mean,all_sampled_dates,nonindustrial,40,20,0.5533627100214114,0.38436063863302805,0.041054769157982965,0.48531761716250355
E_P|log1p|uniform|permissive|mask,loso,station_year_mean,all_sampled_dates,industrial_descriptive,2,1,5.371938279750237,5.366251258332243,-5.366251258332243,-646.2544831977438
E_P|log1p|uniform|permissive|mask,loso,station_year_mean,all_sampled_dates,nonindustrial_higher,20,10,0.5566352390342707,0.44524960986000517,-0.2317632086092746,0.05891489852987819
E_P|log1p|uniform|permissive|mask,loso,station_year_mean,all_sampled_dates,nonindustrial_lower,20,10,0.5500707121359414,0.32347166740605093,0.3138727469252404,-5.475050630939933
E_P|log1p|uniform|permissive|none,block30,daily,all_expected_targets,all_network,5089,21,1.3705752685958787,0.4715229254172018,-0.0774714046680173,0.7082454585434617
E_P|log1p|uniform|permissive|none,block30,daily,all_expected_targets,nonindustrial,4852,20,0.7449808501416754,0.33639553933597277,-0.012626634741455069,0.8542812889390639
E_P|log1p|uniform|permissive|none,block30,daily,all_expected_targets,industrial_descriptive,237,1,5.382705698396227,3.2379283147257385,-1.4050107451054856,0.22554218517430136
E_P|log1p|uniform|permissive|none,block30,daily,all_expected_targets,nonindustrial_higher,2394,10,0.9844398661426804,0.5047422419843358,-0.0399254188264411,0.8476851877425597
E_P|log1p|uniform|permissive|none,block30,daily,all_expected_targets,nonindustrial_lower,2458,10,0.38942758541179817,0.17243215197218878,0.013961359196484946,0.7238292279563101
E_P|log1p|uniform|permissive|none,block30,station_year_mean,all_sampled_dates,all_network,42,21,0.3172972769341669,0.12825757177962802,-0.08287162397314986,0.9388425286438457
E_P|log1p|uniform|permissive|none,block30,station_year_mean,all_sampled_dates,nonindustrial,40,20,0.08192348878372864,0.06443747753048093,-0.01678223233367886,0.9887192908629039
E_P|log1p|uniform|permissive|none,block30,station_year_mean,all_sampled_dates,industrial_descriptive,2,1,1.4071246002599176,1.4046594567625696,-1.4046594567625696,-43.40973178061709
E_P|log1p|uniform|permissive|none,block30,station_year_mean,all_sampled_dates,nonindustrial_higher,20,10,0.1031811274491415,0.08697641885995838,-0.04680578329613109,0.9676638699768834
E_P|log1p|uniform|permissive|none,block30,station_year_mean,all_sampled_dates,nonindustrial_lower,20,10,0.0526931776164566,0.0418985362010035,0.013241318628773365,0.9405824277722248
E_P|log1p|uniform|permissive|none,calendar_season_out,daily,all_expected_targets,all_network,5089,21,1.4365362955250174,0.5247800003749675,-0.1318617606215779,0.679487442282704
E_P|log1p|uniform|permissive|none,calendar_season_out,daily,all_expected_targets,nonindustrial,4852,20,0.8592587673035692,0.3936367285692931,-0.0512946629004967,0.806146767753293
E_P|log1p|uniform|permissive|none,calendar_season_out,daily,all_expected_targets,industrial_descriptive,237,1,5.403347274808745,3.209620315991561,-1.7812776177637133,0.21959102133963138
E_P|log1p|uniform|permissive|none,calendar_season_out,daily,all_expected_targets,nonindustrial_higher,2394,10,1.1414371382939739,0.5902710511809106,-0.13358028606395156,0.79522932975875
E_P|log1p|uniform|permissive|none,calendar_season_out,daily,all_expected_targets,nonindustrial_lower,2458,10,0.43413365355126743,0.2021222581330797,0.028848454208254676,0.6567810987907245
E_P|log1p|uniform|permissive|none,dispersed_mod9,daily,all_expected_targets,all_network,5089,21,1.3433275287069724,0.449465390904042,-0.0878865246992867,0.7197306070902406
E_P|log1p|uniform|permissive|none,dispersed_mod9,daily,all_expected_targets,nonindustrial,4852,20,0.693469172459864,0.31608102627383966,-0.021891084840204036,0.8737360353644081
E_P|log1p|uniform|permissive|none,dispersed_mod9,daily,all_expected_targets,industrial_descriptive,237,1,5.376116496239799,3.180186644852321,-1.4389830402953585,0.22743711904285024
E_P|log1p|uniform|permissive|none,dispersed_mod9,daily,all_expected_targets,nonindustrial_higher,2394,10,0.914701376809189,0.4714334384289892,-0.04862111365789473,0.8685010092354986
E_P|log1p|uniform|permissive|none,dispersed_mod9,daily,all_expected_targets,nonindustrial_lower,2458,10,0.3665841662697094,0.1647735914896949,0.004142962755219693,0.7552787424341811
E_P|log1p|uniform|permissive|none,loso,daily,all_expected_targets,all_network,5089,21,1.9571064887577436,0.6744462721936652,-0.2720744751318849,0.4051043998806323
E_P|log1p|uniform|permissive|none,loso,daily,all_expected_targets,nonindustrial,4852,20,0.9665194493298197,0.4515561770407176,-0.03137903360967889,0.7547289455896167
E_P|log1p|uniform|permissive|none,loso,daily,all_expected_targets,industrial_descriptive,237,1,7.944873124925127,5.237580203341772,-5.1997296745654005,-0.6872150020118788
E_P|log1p|uniform|permissive|none,loso,daily,all_expected_targets,nonindustrial_higher,2394,10,1.2750635225391918,0.6414985636984126,-0.2211265293483709,0.7444785301168974
E_P|log1p|uniform|permissive|none,loso,daily,all_expected_targets,nonindustrial_lower,2458,10,0.5104320697088036,0.26655940175246623,0.15342792521799756,0.52553935422724
E_P|log1p|uniform|permissive|none,loso,station_year_mean,all_sampled_dates,all_network,42,21,1.2090817604602837,0.5292667685753712,-0.2914426477257105,0.11196891141784171
E_P|log1p|uniform|permissive|none,loso,station_year_mean,all_sampled_dates,nonindustrial,40,20,0.4234076755903609,0.29568961007372574,-0.04597428318158185,0.6986737428015759
E_P|log1p|uniform|permissive|none,loso,station_year_mean,all_sampled_dates,industrial_descriptive,2,1,5.207107793973144,5.200809938608282,-5.200809938608282,-607.1436483945063
E_P|log1p|uniform|permissive|none,loso,station_year_mean,all_sampled_dates,nonindustrial_higher,20,10,0.563051291211924,0.4159716985193869,-0.24494498605034884,0.03709504428533905
E_P|log1p|uniform|permissive|none,loso,station_year_mean,all_sampled_dates,nonindustrial_lower,20,10,0.20376791445723202,0.17540752162806444,0.1529964196871851,0.1114584817592702
E_P|log1p|uniform|permissive|none,season_year_out,daily,all_expected_targets,all_network,4975,21,1.3341052321186646,0.4807494515756443,-0.04329451659964423,0.7169896649953278
E_P|log1p|uniform|permissive|none,season_year_out,daily,all_expected_targets,nonindustrial,4748,20,0.7887667549110421,0.3556003775966365,0.0212252906227401,0.8353681294192213
E_P|log1p|uniform|permissive|none,season_year_out,daily,all_expected_targets,industrial_descriptive,227,1,5.098460300840454,3.0984049725110134,-1.392810131982379,0.2842802264238812
E_P|log1p|uniform|permissive|none,season_year_out,daily,all_expected_targets,nonindustrial_higher,2369,10,1.0329017015077255,0.5288586229425918,0.003157408297593926,0.829823679192299
E_P|log1p|uniform|permissive|none,season_year_out,daily,all_expected_targets,nonindustrial_lower,2379,10,0.42342587728787656,0.18307041407222785,0.03921722556526692,0.6656684069498887
E_P|log1p|uniform|permissive|none,year_out,daily,all_expected_targets,all_network,5089,21,1.4688329144061056,0.5230486711311849,-0.02786922224547062,0.6649137286515459
E_P|log1p|uniform|permissive|none,year_out,daily,all_expected_targets,nonindustrial,4852,20,0.8114216504540122,0.380310878117601,0.03280264839917559,0.8271305360210958
E_P|log1p|uniform|permissive|none,year_out,daily,all_expected_targets,industrial_descriptive,237,1,5.731246789536506,3.4452586783122365,-1.2699785740084388,0.12199959657382842
E_P|log1p|uniform|permissive|none,year_out,daily,all_expected_targets,nonindustrial_higher,2394,10,1.053966178051235,0.5463452451637427,0.005808911245614033,0.8254109092674824
E_P|log1p|uniform|permissive|none,year_out,daily,all_expected_targets,nonindustrial_lower,2458,10,0.4666324563287877,0.21859961908242473,0.05909353804344997,0.6034717115417115
E_P|log1p|uniform|strict18|none,block30,daily,all_expected_targets,all_network,5089,21,1.3809093018048388,0.47290192410881315,-0.07667380350594417,0.7038292580922996
E_P|log1p|uniform|strict18|none,block30,daily,all_expected_targets,nonindustrial,4852,20,0.765927988314822,0.3391087020733203,-0.015800569202751438,0.8459715369582349
E_P|log1p|uniform|strict18|none,block30,daily,all_expected_targets,industrial_descriptive,237,1,5.37923130605771,3.211993541476793,-1.322905587637131,0.22654164605475124
E_P|log1p|uniform|strict18|none,block30,daily,all_expected_targets,nonindustrial_higher,2394,10,1.0162195629339026,0.507765451493609,-0.04623426812017544,0.837692399860546
E_P|log1p|uniform|strict18|none,block30,daily,all_expected_targets,nonindustrial_lower,2458,10,0.39013245350425757,0.17484334075836047,0.013840714445870627,0.7228285790833935
E_P|log1p|uniform|strict18|none,block30,station_year_mean,all_sampled_dates,all_network,42,21,0.299924497485807,0.12238326703880813,-0.07929579656578087,0.9453562229911605
E_P|log1p|uniform|strict18|none,block30,station_year_mean,all_sampled_dates,nonindustrial,40,20,0.08241777531511892,0.06237016346230173,-0.01712831946562308,0.9885827555708232
E_P|log1p|uniform|strict18|none,block30,station_year_mean,all_sampled_dates,industrial_descriptive,2,1,1.3240826991832961,1.3226453385689365,-1.3226453385689365,-38.32269372994448
E_P|log1p|uniform|strict18|none,block30,station_year_mean,all_sampled_dates,nonindustrial_higher,20,10,0.10281276413070888,0.08247777046121038,-0.04783587786000473,0.9678943420048667
E_P|log1p|uniform|strict18|none,block30,station_year_mean,all_sampled_dates,nonindustrial_lower,20,10,0.05490824079853656,0.042262556463393074,0.013579238928758569,0.9354819572808276
E_P|log1p|uniform|strict18|none,loso,daily,all_expected_targets,all_network,5089,21,1.9435754719979441,0.6702161633010719,-0.2614005870652692,0.4133019261495027
E_P|log1p|uniform|strict18|none,loso,daily,all_expected_targets,nonindustrial,4852,20,0.9729592207417005,0.450959752729628,-0.02400357473622321,0.7514496500221363
E_P|log1p|uniform|strict18|none,loso,daily,all_expected_targets,industrial_descriptive,237,1,7.856970411152355,5.158959218544305,-5.12152845128692,-0.6500865761944095
E_P|log1p|uniform|strict18|none,loso,daily,all_expected_targets,nonindustrial_higher,2394,10,1.2714351006512323,0.6312901765352089,-0.21447604928625316,0.7459307252533405
E_P|log1p|uniform|strict18|none,loso,daily,all_expected_targets,nonindustrial_lower,2458,10,0.5423969815253876,0.27532466949506307,0.1615094863186066,0.46425414669712384
E_P|log1p|uniform|strict18|none,loso,station_year_mean,all_sampled_dates,all_network,42,21,1.1866228745288512,0.5139473631597505,-0.27895917723056485,0.14465314556664277
E_P|log1p|uniform|strict18|none,loso,station_year_mean,all_sampled_dates,nonindustrial,40,20,0.40453055702824886,0.28351823350620486,-0.036780638280559816,0.724943324976904
E_P|log1p|uniform|strict18|none,loso,station_year_mean,all_sampled_dates,industrial_descriptive,2,1,5.128026066827828,5.122529956230665,-5.122529956230665,-588.8118407952093
E_P|log1p|uniform|strict18|none,loso,station_year_mean,all_sampled_dates,nonindustrial_higher,20,10,0.5216909096037962,0.3840131447096862,-0.2369234980960492,0.1733645177148615
E_P|log1p|uniform|strict18|none,loso,station_year_mean,all_sampled_dates,nonindustrial_lower,20,10,0.23479467194963038,0.1830233223027235,0.16336222153492957,-0.17972993507134194
E|log1p|uniform|permissive|none,block30,daily,all_expected_targets,all_network,5089,21,1.6355787340520453,0.5932367243252898,-0.12386210224892907,0.5845155699766623
E|log1p|uniform|permissive|none,block30,daily,all_expected_targets,nonindustrial,4852,20,1.0515883931632557,0.4486334825044106,-0.04053938552448475,0.7096534496703202
E|log1p|uniform|permissive|none,block30,daily,all_expected_targets,industrial_descriptive,237,1,5.899348373876215,3.553637269957806,-1.8296925729113924,0.06973949593395601
E|log1p|uniform|permissive|none,block30,daily,all_expected_targets,nonindustrial_higher,2394,10,1.428583822092006,0.7020422997826232,-0.0980475857433584,0.6792436894174692
E|log1p|uniform|permissive|none,block30,daily,all_expected_targets,nonindustrial_lower,2458,10,0.4417803869111672,0.20182277926436126,0.015471449025549231,0.6445838544215606
E|log1p|uniform|permissive|none,block30,station_year_mean,all_sampled_dates,all_network,42,21,0.41527615636412796,0.1685761733511859,-0.12857457008256507,0.8952411256812971
E|log1p|uniform|permissive|none,block30,station_year_mean,all_sampled_dates,nonindustrial,40,20,0.11033153606827908,0.08548522039711011,-0.043483536965058245,0.9795393770139739
E|log1p|uniform|permissive|none,block30,station_year_mean,all_sampled_dates,industrial_descriptive,2,1,1.8379551272847,1.8303952324327017,-1.8303952324327017,-74.76748069033364
E|log1p|uniform|permissive|none,block30,station_year_mean,all_sampled_dates,nonindustrial_higher,20,10,0.13806498689333924,0.10835328900662641,-0.10090057268621085,0.9421031925648562
E|log1p|uniform|permissive|none,block30,station_year_mean,all_sampled_dates,nonindustrial_lower,20,10,0.07269219419245784,0.06261715178759379,0.013933498756094348,0.8869210725008042
E|log1p|uniform|permissive|none,calendar_season_out,daily,all_expected_targets,all_network,5089,21,1.6881963108078675,0.6163117749789939,-0.18508102587897424,0.5573527841547254
E|log1p|uniform|permissive|none,calendar_season_out,daily,all_expected_targets,nonindustrial,4852,20,1.119749008726517,0.47202929838584085,-0.09263908365171064,0.6707949597284146
E|log1p|uniform|permissive|none,calendar_season_out,daily,all_expected_targets,industrial_descriptive,237,1,5.960511160528271,3.570145430801687,-2.0776055140084386,0.050350143464541475
E|log1p|uniform|permissive|none,calendar_season_out,daily,all_expected_targets,nonindustrial_higher,2394,10,1.5214576274524465,0.7310264021194653,-0.20420400556390977,0.6361825901187972
E|log1p|uniform|permissive|none,calendar_season_out,daily,all_expected_targets,nonindustrial_lower,2458,10,0.46954016543369637,0.21977581330109847,0.016020974549186336,0.5985145715612512
E|log1p|uniform|permissive|none,loso,daily,all_expected_targets,all_network,5089,21,2.204559664714216,0.9045436471592061,-0.17261007427887604,0.24515886751700144
E|log1p|uniform|permissive|none,loso,daily,all_expected_targets,nonindustrial,4852,20,1.3690346929134578,0.6822707866587386,0.08432143011125309,0.5078992690576384
E|log1p|uniform|permissive|none,loso,daily,all_expected_targets,industrial_descriptive,237,1,8.123278506641185,5.4550411963080165,-5.43265926964135,-0.7638399809975007
E|log1p|uniform|permissive|none,loso,daily,all_expected_targets,nonindustrial_higher,2394,10,1.6084978118691848,0.823130254805096,-0.29511508773157896,0.593365050204339
E|log1p|uniform|permissive|none,loso,daily,all_expected_targets,nonindustrial_lower,2458,10,1.086191372100561,0.545078936885598,0.45387839663515056,-1.14850806272784
E|log1p|uniform|permissive|none,loso,station_year_mean,all_sampled_dates,all_network,42,21,1.3736443596537815,0.7373535761495992,-0.19459399062661442,-0.146213304311124
E|log1p|uniform|permissive|none,loso,station_year_mean,all_sampled_dates,nonindustrial,40,20,0.7085174882846488,0.5025366470950366,0.06736091770409727,0.15623662034705021
E|log1p|uniform|permissive|none,loso,station_year_mean,all_sampled_dates,industrial_descriptive,2,1,5.439203502249006,5.4336921572408485,-5.4336921572408485,-662.5652802769741
E|log1p|uniform|permissive|none,loso,station_year_mean,all_sampled_dates,nonindustrial_higher,20,10,0.699769075592459,0.5340968729127118,-0.3265211391950599,-0.4872945843499392
E|log1p|uniform|permissive|none,loso,station_year_mean,all_sampled_dates,nonindustrial_lower,20,10,0.7171591896189088,0.4709764212773616,0.4612429746032545,-10.006196446562415
E|log1p|uniform|permissive|none,season_year_out,daily,all_expected_targets,all_network,4975,21,1.611478129709118,0.5767566402597247,-0.12041249599399598,0.5870752140807998
E|log1p|uniform|permissive|none,season_year_out,daily,all_expected_targets,nonindustrial,4748,20,1.0439593684020032,0.4378319198193198,-0.04535048639429865,0.7116075347557733
E|log1p|uniform|permissive|none,season_year_out,daily,all_expected_targets,industrial_descriptive,227,1,5.841057002310838,3.4825477092070485,-1.6904319743171803,0.06060591596061693
E|log1p|uniform|permissive|none,season_year_out,daily,all_expected_targets,nonindustrial_higher,2369,10,1.409728271507936,0.6799282643046011,-0.0962872255203039,0.6830053276587182
E|log1p|uniform|permissive|none,season_year_out,daily,all_expected_targets,nonindustrial_lower,2379,10,0.4428781398991028,0.19675321444494748,0.005372142857280374,0.6342442903181763
E|log1p|uniform|permissive|none,year_out,daily,all_expected_targets,all_network,5089,21,1.7128318258073816,0.6301881049864826,-0.1429352274386343,0.544339595868829
E|log1p|uniform|permissive|none,year_out,daily,all_expected_targets,nonindustrial,4852,20,1.127747418522321,0.481089918290645,-0.05674156063174155,0.6660751144324066
E|log1p|uniform|permissive|none,year_out,daily,all_expected_targets,industrial_descriptive,237,1,6.079372743412577,3.6826117414767934,-1.9075414356540084,0.01209760111197311
E|log1p|uniform|permissive|none,year_out,daily,all_expected_targets,nonindustrial_higher,2394,10,1.528162438960653,0.7484431895286132,-0.1387253558122389,0.6329689587067654
E|log1p|uniform|permissive|none,year_out,daily,all_expected_targets,nonindustrial_lower,2458,10,0.4858373859448535,0.22069783881802685,0.023107587318669645,0.5701606675652907
PM_I|log1p|uniform|permissive|none,block30,daily,all_expected_targets,all_network,5089,21,1.4744898248530551,0.550078997034663,-0.05993126021406955,0.6623277256033171
PM_I|log1p|uniform|permissive|none,block30,daily,all_expected_targets,nonindustrial,4852,20,0.82410539154429,0.3985301170546991,0.0016312187861912643,0.8216838768472158
PM_I|log1p|uniform|permissive|none,block30,daily,all_expected_targets,industrial_descriptive,237,1,5.7253834072256735,3.652674632742616,-1.320273657299578,0.12379516352544828
PM_I|log1p|uniform|permissive|none,block30,daily,all_expected_targets,nonindustrial_higher,2394,10,1.0544021557177765,0.5702127877101504,-0.041595050911487054,0.8252664403290702
PM_I|log1p|uniform|permissive|none,block30,daily,all_expected_targets,nonindustrial_lower,2458,10,0.5077397447952215,0.23131762171330347,0.04373198756415785,0.530531334159416
PM_I|log1p|uniform|permissive|none,block30,station_year_mean,all_sampled_dates,all_network,42,21,0.3044036801160016,0.1423301294960567,-0.06496720521093027,0.943711895017176
PM_I|log1p|uniform|permissive|none,block30,station_year_mean,all_sampled_dates,nonindustrial,40,20,0.09940546179722082,0.08341895445255729,-0.0021878839531745673,0.9833911325856239
PM_I|log1p|uniform|permissive|none,block30,station_year_mean,all_sampled_dates,industrial_descriptive,2,1,1.3222196085102849,1.3205536303660446,-1.3205536303660446,-38.21211120908983
PM_I|log1p|uniform|permissive|none,block30,station_year_mean,all_sampled_dates,nonindustrial_higher,20,10,0.11981318732447546,0.10390494597706694,-0.04580502662541418,0.9563989701263874
PM_I|log1p|uniform|permissive|none,block30,station_year_mean,all_sampled_dates,nonindustrial_lower,20,10,0.07353700982082155,0.06293296292804762,0.04142925871906505,0.884277433319953
PM|log1p|uniform|permissive|none,block30,daily,all_expected_targets,all_network,5089,21,1.8966080280458504,0.7687415649787973,-0.05365702435902928,0.441314998713213
PM|log1p|uniform|permissive|none,block30,daily,all_expected_targets,nonindustrial,4852,20,1.197133706926114,0.5954674297918591,0.12016023491011954,0.6237206191207053
PM|log1p|uniform|permissive|none,block30,daily,all_expected_targets,industrial_descriptive,237,1,6.920955601756874,4.316109092097046,-3.61214369935443,-0.2803497542280251
PM|log1p|uniform|permissive|none,block30,daily,all_expected_targets,nonindustrial_higher,2394,10,1.369755727628506,0.7383428421302841,-0.07783060260480366,0.7051168179354228
PM|log1p|uniform|permissive|none,block30,daily,all_expected_targets,nonindustrial_lower,2458,10,1.0007820434937769,0.45631212583002434,0.3129959000894223,-0.8239095577976083
PM|log1p|uniform|permissive|none,block30,station_year_mean,all_sampled_dates,all_network,42,21,0.864040976925245,0.4501395538799915,-0.06815979956964642,0.5464914187243536
PM|log1p|uniform|permissive|none,block30,station_year_mean,all_sampled_dates,nonindustrial,40,20,0.3619618773287357,0.29202122891226734,0.10905751311359499,0.7797858670039992
PM|log1p|uniform|permissive|none,block30,station_year_mean,all_sampled_dates,industrial_descriptive,2,1,3.6135266697698123,3.6125060532344753,-3.6125060532344753,-291.87045878363415
PM|log1p|uniform|permissive|none,block30,station_year_mean,all_sampled_dates,nonindustrial_higher,20,10,0.30286657311574594,0.26068316103040123,-0.09563211569177801,0.7213941754396114
PM|log1p|uniform|permissive|none,block30,station_year_mean,all_sampled_dates,nonindustrial_lower,20,10,0.4126798276725068,0.3233592967941335,0.313747141918968,-2.6444551127988225
PM|log1p|uniform|permissive|none,loso,daily,all_expected_targets,all_network,5089,21,1.884526856402298,0.7084433787326193,-0.19923666160941247,0.44840984626350644
PM|log1p|uniform|permissive|none,loso,daily,all_expected_targets,nonindustrial,4852,20,1.008213492014874,0.5156156116529884,0.0026316793156842587,0.7331113454181691
PM|log1p|uniform|permissive|none,loso,daily,all_expected_targets,industrial_descriptive,237,1,7.446363653677921,4.656124078607595,-4.332001177088607,-0.48212550057273096
PM|log1p|uniform|permissive|none,loso,daily,all_expected_targets,nonindustrial_higher,2394,10,1.208737080695527,0.6517708473743525,-0.24270507361411867,0.7703706245353243
PM|log1p|uniform|permissive|none,loso,daily,all_expected_targets,nonindustrial_lower,2458,10,0.7638838411205956,0.3830055081879984,0.24158049400809603,-0.062622327104501
PM|log1p|uniform|permissive|none,loso,station_year_mean,all_sampled_dates,all_network,42,21,1.0159300952470094,0.48643668233407694,-0.21556357186090003,0.3730332893804653
PM|log1p|uniform|permissive|none,loso,station_year_mean,all_sampled_dates,nonindustrial,40,20,0.3785072515633241,0.2941184961082762,-0.009701730111440385,0.7591936514569675
PM|log1p|uniform|permissive|none,loso,station_year_mean,all_sampled_dates,industrial_descriptive,2,1,4.336938821021127,4.332800406850092,-4.332800406850092,-420.8709591951946
PM|log1p|uniform|permissive|none,loso,station_year_mean,all_sampled_dates,nonindustrial_higher,20,10,0.4194161200713843,0.32763693644690817,-0.2585921637621999,0.4657091446408802
PM|log1p|uniform|permissive|none,loso,station_year_mean,all_sampled_dates,nonindustrial_lower,20,10,0.33260426515050767,0.2606000557696442,0.23918870353931906,-1.3673460858802673
P|log1p|uniform|permissive|none,block30,daily,all_expected_targets,all_network,5089,21,1.6204973386781938,0.6610637363678915,-0.060125842361603454,0.5921424675086997
P|log1p|uniform|permissive|none,block30,daily,all_expected_targets,nonindustrial,4852,20,1.0565599555287797,0.5165806795993817,0.018786525004492995,0.7069016351187924
P|log1p|uniform|permissive|none,block30,daily,all_expected_targets,industrial_descriptive,237,1,5.790794988105136,3.61900378464135,-1.6756651101265825,0.10365979766327882
P|log1p|uniform|permissive|none,block30,daily,all_expected_targets,nonindustrial_higher,2394,10,1.2733962693159755,0.6724297330754804,-0.17551721364022554,0.7451463250288113
P|log1p|uniform|permissive|none,block30,daily,all_expected_targets,nonindustrial_lower,2458,10,0.7900977328087645,0.364789534757323,0.20803109388791702,-0.13680485966409672
P|log1p|uniform|permissive|none,block30,station_year_mean,all_sampled_dates,all_network,42,21,0.46204766769678723,0.30642188459321096,-0.06853482888356442,0.8703148061979199
P|log1p|uniform|permissive|none,block30,station_year_mean,all_sampled_dates,nonindustrial,40,20,0.2872598371496904,0.23792780376894399,0.011853604726184843,0.8613022730561964
P|log1p|uniform|permissive|none,block30,station_year_mean,all_sampled_dates,industrial_descriptive,2,1,1.6831175570706647,1.6763035010785496,-1.6763035010785496,-62.53922879280172
P|log1p|uniform|permissive|none,block30,station_year_mean,all_sampled_dates,nonindustrial_higher,20,10,0.28879698904603546,0.25047242730143315,-0.1825991313120889,0.7466780476766998
P|log1p|uniform|permissive|none,block30,station_year_mean,all_sampled_dates,nonindustrial_lower,20,10,0.28571441545094883,0.22538318023645476,0.2063063407644586,-0.7469095951218048
P|log1p|uniform|permissive|none,loso,daily,all_expected_targets,all_network,5089,21,1.934215421083925,0.711972571817076,-0.26629151187602673,0.4189392688990413
P|log1p|uniform|permissive|none,loso,daily,all_expected_targets,nonindustrial,4852,20,1.003518825476733,0.5042239649303587,-0.04282993274157048,0.7355910505739853
P|log1p|uniform|permissive|none,loso,daily,all_expected_targets,industrial_descriptive,237,1,7.727616529426241,4.965121266392405,-4.841125191033754,-0.5962011579775599
P|log1p|uniform|permissive|none,loso,daily,all_expected_targets,nonindustrial_higher,2394,10,1.2172210897041091,0.6438138370346701,-0.31817899095781127,0.7671358189568895
P|log1p|uniform|permissive|none,loso,daily,all_expected_targets,nonindustrial_lower,2458,10,0.7381257708943991,0.36826865418270954,0.2253497439751424,0.007832430507480947
P|log1p|uniform|permissive|none,loso,station_year_mean,all_sampled_dates,all_network,42,21,1.1262868723974622,0.5194696644018831,-0.28047217764313565,0.22942507097995957
P|log1p|uniform|permissive|none,loso,station_year_mean,all_sampled_dates,nonindustrial,40,20,0.3964394626452029,0.30333969183862375,-0.0523923307419389,0.735836213316569
P|log1p|uniform|permissive|none,loso,station_year_mean,all_sampled_dates,industrial_descriptive,2,1,4.847234216208626,4.84206911566707,-4.84206911566707,-525.9883919423113
P|log1p|uniform|permissive|none,loso,station_year_mean,all_sampled_dates,nonindustrial_higher,20,10,0.46930342719242896,0.3766403230702733,-0.325116271764908,0.3310480009771334
P|log1p|uniform|permissive|none,loso,station_year_mean,all_sampled_dates,nonindustrial_lower,20,10,0.306729177468129,0.23003906060697416,0.22033161028103027,-1.0133362106040864
E_P|log1p|uniform|permissive|none,block30,daily_complete_pollutant_days,pollutant_availability_subset,all_network,4308,19,0.7657503893638131,0.35254348466556173,-0.017345366429582176,0.8590949897634305
E_P|log1p|uniform|permissive|none,block30,daily_complete_pollutant_days,pollutant_availability_subset,nonindustrial,4308,19,0.7657503893638131,0.35254348466556173,-0.017345366429582176,0.8590949897634305
E_P|log1p|uniform|permissive|none,block30,daily_complete_pollutant_days,pollutant_availability_subset,nonindustrial_higher,2339,10,0.9822115449928355,0.5028420281917486,-0.04913618345981188,0.8507350436365271
E_P|log1p|uniform|permissive|none,block30,daily_complete_pollutant_days,pollutant_availability_subset,nonindustrial_lower,1969,9,0.3700109032626137,0.1740019441334383,0.02041934714771965,0.7659463227540164
P|log1p|uniform|permissive|none,block30,daily_complete_pollutant_days,pollutant_availability_subset,all_network,4308,19,1.0762008601984223,0.5393928070448468,0.003465266406870943,0.721683693125472
P|log1p|uniform|permissive|none,block30,daily_complete_pollutant_days,pollutant_availability_subset,nonindustrial,4308,19,1.0762008601984223,0.5393928070448468,0.003465266406870943,0.721683693125472
P|log1p|uniform|permissive|none,block30,daily_complete_pollutant_days,pollutant_availability_subset,nonindustrial_higher,2339,10,1.2529114902729477,0.661870395023386,-0.2018127047335186,0.7571217788515203
P|log1p|uniform|permissive|none,block30,daily_complete_pollutant_days,pollutant_availability_subset,nonindustrial_lower,1969,9,0.8181005429180372,0.39390013143194513,0.24731756427247334,-0.144194318488146
E_P|log1p|uniform|permissive|none,block30,daily_incomplete_pollutant_days,pollutant_availability_subset,all_network,781,19,3.0009536526773473,1.1278141299729834,-0.4091269395350832,0.5078305798173177
E_P|log1p|uniform|permissive|none,block30,daily_incomplete_pollutant_days,pollutant_availability_subset,nonindustrial,544,18,0.5536395888208523,0.20851806051268382,0.02474155664172795,0.33717891991674853
E_P|log1p|uniform|permissive|none,block30,daily_incomplete_pollutant_days,pollutant_availability_subset,industrial_descriptive,237,1,5.382705698396227,3.2379283147257385,-1.4050107451054856,0.22554218517430136
E_P|log1p|uniform|permissive|none,block30,daily_incomplete_pollutant_days,pollutant_availability_subset,nonindustrial_higher,55,8,1.0749374088076633,0.5855531521818182,0.35178328076363635,-0.13351560638497273
E_P|log1p|uniform|permissive|none,block30,daily_incomplete_pollutant_days,pollutant_availability_subset,nonindustrial_lower,489,10,0.4593788869262524,0.16611125061124743,-0.01204227735971369,0.45525884263657757
P|log1p|uniform|permissive|none,block30,daily_incomplete_pollutant_days,pollutant_availability_subset,all_network,781,19,3.274511005935786,1.3322012056683739,-0.4108947240192062,0.4140116809757922
P|log1p|uniform|permissive|none,block30,daily_incomplete_pollutant_days,pollutant_availability_subset,nonindustrial,544,18,0.8857721118042762,0.33592875857904414,0.14011737434007351,-0.6966257042105379
P|log1p|uniform|permissive|none,block30,daily_incomplete_pollutant_days,pollutant_availability_subset,industrial_descriptive,237,1,5.790794988105136,3.61900378464135,-1.6756651101265825,0.10365979766327882
P|log1p|uniform|permissive|none,block30,daily_incomplete_pollutant_days,pollutant_availability_subset,nonindustrial_higher,55,8,1.9550858897541492,1.1214895822363635,0.9427583075818181,-2.749668139178437
P|log1p|uniform|permissive|none,block30,daily_incomplete_pollutant_days,pollutant_availability_subset,nonindustrial_lower,489,10,0.6655230415747928,0.2475732467157464,0.04984078675664623,-0.14333716073424774
E_P|log1p|uniform|permissive|none,loso,daily_complete_pollutant_days,pollutant_availability_subset,all_network,4308,19,0.9967390583818542,0.4596393729188324,-0.059807003790837976,0.7612656359025908
E_P|log1p|uniform|permissive|none,loso,daily_complete_pollutant_days,pollutant_availability_subset,nonindustrial,4308,19,0.9967390583818542,0.4596393729188324,-0.059807003790837976,0.7612656359025908
E_P|log1p|uniform|permissive|none,loso,daily_complete_pollutant_days,pollutant_availability_subset,nonindustrial_higher,2339,10,1.2813730832325736,0.6415348067909362,-0.23661460830696876,0.745961825672383
E_P|log1p|uniform|permissive|none,loso,daily_complete_pollutant_days,pollutant_availability_subset,nonindustrial_lower,1969,9,0.4724538691926927,0.2435634867701016,0.15022498552517521,0.6184027421243836
P|log1p|uniform|permissive|none,loso,daily_complete_pollutant_days,pollutant_availability_subset,all_network,4308,19,1.0275448657713073,0.5214509066453807,-0.07278594738772054,0.7462806615111105
P|log1p|uniform|permissive|none,loso,daily_complete_pollutant_days,pollutant_availability_subset,nonindustrial,4308,19,1.0275448657713073,0.5214509066453807,-0.07278594738772054,0.7462806615111105
P|log1p|uniform|permissive|none,loso,daily_complete_pollutant_days,pollutant_availability_subset,nonindustrial_higher,2339,10,1.2080494248283125,0.636696007296708,-0.34512399835784524,0.7742035055921828
P|log1p|uniform|permissive|none,loso,daily_complete_pollutant_days,pollutant_availability_subset,nonindustrial_lower,1969,9,0.7592655445326726,0.3845497941906044,0.2507278673502793,0.014461012905891302
E_P|log1p|uniform|permissive|none,loso,daily_incomplete_pollutant_days,pollutant_availability_subset,all_network,781,19,4.413382216429511,1.8593222287570192,-1.442942934206443,-0.06448398376978237
E_P|log1p|uniform|permissive|none,loso,daily_incomplete_pollutant_days,pollutant_availability_subset,nonindustrial,544,18,0.6814156373043797,0.3875443979177059,0.19374540672200002,-0.004075172495153767
E_P|log1p|uniform|permissive|none,loso,daily_incomplete_pollutant_days,pollutant_availability_subset,industrial_descriptive,237,1,7.944873124925127,5.237580203341772,-5.1997296745654005,-0.6872150020118788
E_P|log1p|uniform|permissive|none,loso,daily_incomplete_pollutant_days,pollutant_availability_subset,nonindustrial_higher,55,8,0.969444387737723,0.6399572438181818,0.4375392285454546,0.07805088553817086
E_P|log1p|uniform|permissive|none,loso,daily_incomplete_pollutant_days,pollutant_availability_subset,nonindustrial_lower,489,10,0.6409728708414241,0.3591544050250143,0.16632483371527199,-0.060540904672187645
P|log1p|uniform|permissive|none,loso,daily_incomplete_pollutant_days,pollutant_availability_subset,all_network,781,19,4.307382400476097,1.762891052687324,-1.3336691966591552,-0.01396486971697053
P|log1p|uniform|permissive|none,loso,daily_incomplete_pollutant_days,pollutant_availability_subset,nonindustrial,544,18,0.7877878009125855,0.3678017867900735,0.19439527147830882,-0.34202479534203256
P|log1p|uniform|permissive|none,loso,daily_incomplete_pollutant_days,pollutant_availability_subset,industrial_descriptive,237,1,7.727616529426241,4.965121266392405,-4.841125191033754,-0.5962011579775599
P|log1p|uniform|permissive|none,loso,daily_incomplete_pollutant_days,pollutant_availability_subset,nonindustrial_higher,55,8,1.5580738063802169,0.9465157235272728,0.8277186873818183,-1.3814266141915508
P|log1p|uniform|permissive|none,loso,daily_incomplete_pollutant_days,pollutant_availability_subset,nonindustrial_lower,489,10,0.6460418475622908,0.30271126220818,0.12316257643803681,-0.07738128661862209
E_P|log1p|uniform|permissive|none,block30,daily_complete_pollutant_days,pollutant_availability_subset,all_network,4308,19,0.7657503893638131,0.35254348466556173,-0.017345366429582176,0.8590949897634305
E_P|log1p|uniform|permissive|none,block30,daily_complete_pollutant_days,pollutant_availability_subset,nonindustrial,4308,19,0.7657503893638131,0.35254348466556173,-0.017345366429582176,0.8590949897634305
E_P|log1p|uniform|permissive|none,block30,daily_complete_pollutant_days,pollutant_availability_subset,nonindustrial_higher,2339,10,0.9822115449928355,0.5028420281917486,-0.04913618345981188,0.8507350436365271
E_P|log1p|uniform|permissive|none,block30,daily_complete_pollutant_days,pollutant_availability_subset,nonindustrial_lower,1969,9,0.3700109032626137,0.1740019441334383,0.02041934714771965,0.7659463227540164
E|log1p|uniform|permissive|none,block30,daily_complete_pollutant_days,pollutant_availability_subset,all_network,4308,19,1.1039071191054575,0.48243601352207527,-0.0436756601073584,0.7071689994094398
E|log1p|uniform|permissive|none,block30,daily_complete_pollutant_days,pollutant_availability_subset,nonindustrial,4308,19,1.1039071191054575,0.48243601352207527,-0.0436756601073584,0.7071689994094398
E|log1p|uniform|permissive|none,block30,daily_complete_pollutant_days,pollutant_availability_subset,nonindustrial_higher,2339,10,1.441693715591158,0.710647708509876,-0.09942771758212911,0.6784164686683245
E|log1p|uniform|permissive|none,block30,daily_complete_pollutant_days,pollutant_availability_subset,nonindustrial_lower,1969,9,0.44402777888111594,0.21134045507795834,0.022552914008176748,0.6629403953621903
E_P|log1p|uniform|permissive|none,block30,daily_incomplete_pollutant_days,pollutant_availability_subset,all_network,781,19,3.0009536526773473,1.1278141299729834,-0.4091269395350832,0.5078305798173177
E_P|log1p|uniform|permissive|none,block30,daily_incomplete_pollutant_days,pollutant_availability_subset,nonindustrial,544,18,0.5536395888208523,0.20851806051268382,0.02474155664172795,0.33717891991674853
E_P|log1p|uniform|permissive|none,block30,daily_incomplete_pollutant_days,pollutant_availability_subset,industrial_descriptive,237,1,5.382705698396227,3.2379283147257385,-1.4050107451054856,0.22554218517430136
E_P|log1p|uniform|permissive|none,block30,daily_incomplete_pollutant_days,pollutant_availability_subset,nonindustrial_higher,55,8,1.0749374088076633,0.5855531521818182,0.35178328076363635,-0.13351560638497273
E_P|log1p|uniform|permissive|none,block30,daily_incomplete_pollutant_days,pollutant_availability_subset,nonindustrial_lower,489,10,0.4593788869262524,0.16611125061124743,-0.01204227735971369,0.45525884263657757
E|log1p|uniform|permissive|none,block30,daily_incomplete_pollutant_days,pollutant_availability_subset,all_network,781,19,3.2724940239917926,1.204414012597055,-0.5661709277878361,0.4147333544372809
E|log1p|uniform|permissive|none,block30,daily_incomplete_pollutant_days,pollutant_availability_subset,nonindustrial,544,18,0.46127783876825484,0.18094726260716912,-0.015702858129227924,0.5398841249142811
E|log1p|uniform|permissive|none,block30,daily_incomplete_pollutant_days,pollutant_availability_subset,industrial_descriptive,237,1,5.899348373876215,3.553637269957806,-1.8296925729113924,0.06973949593395601
E|log1p|uniform|permissive|none,block30,daily_incomplete_pollutant_days,pollutant_availability_subset,nonindustrial_higher,55,8,0.6637707398127376,0.33607773590909085,-0.039354342636363615,0.567787465122739
E|log1p|uniform|permissive|none,block30,daily_incomplete_pollutant_days,pollutant_availability_subset,nonindustrial_lower,489,10,0.43261293737414397,0.16349904986359917,-0.013042670710224939,0.516888769991461
E_P|log1p|uniform|permissive|none,loso,daily_complete_pollutant_days,pollutant_availability_subset,all_network,4308,19,0.9967390583818542,0.4596393729188324,-0.059807003790837976,0.7612656359025908
E_P|log1p|uniform|permissive|none,loso,daily_complete_pollutant_days,pollutant_availability_subset,nonindustrial,4308,19,0.9967390583818542,0.4596393729188324,-0.059807003790837976,0.7612656359025908
E_P|log1p|uniform|permissive|none,loso,daily_complete_pollutant_days,pollutant_availability_subset,nonindustrial_higher,2339,10,1.2813730832325736,0.6415348067909362,-0.23661460830696876,0.745961825672383
E_P|log1p|uniform|permissive|none,loso,daily_complete_pollutant_days,pollutant_availability_subset,nonindustrial_lower,1969,9,0.4724538691926927,0.2435634867701016,0.15022498552517521,0.6184027421243836
E|log1p|uniform|permissive|none,loso,daily_complete_pollutant_days,pollutant_availability_subset,all_network,4308,19,1.3285103878521325,0.634113235776741,-0.028570610261884854,0.575886699575769
E|log1p|uniform|permissive|none,loso,daily_complete_pollutant_days,pollutant_availability_subset,nonindustrial,4308,19,1.3285103878521325,0.634113235776741,-0.028570610261884854,0.575886699575769
E|log1p|uniform|permissive|none,loso,daily_complete_pollutant_days,pollutant_availability_subset,nonindustrial_higher,2339,10,1.6236125851355594,0.8330384389078238,-0.30238251528234283,0.5921385984912743
E|log1p|uniform|permissive|none,loso,daily_complete_pollutant_days,pollutant_availability_subset,nonindustrial_lower,1969,9,0.8544334474005139,0.397807471366582,0.29669401434088366,-0.2480813877987902
E_P|log1p|uniform|permissive|none,loso,daily_incomplete_pollutant_days,pollutant_availability_subset,all_network,781,19,4.413382216429511,1.8593222287570192,-1.442942934206443,-0.06448398376978237
E_P|log1p|uniform|permissive|none,loso,daily_incomplete_pollutant_days,pollutant_availability_subset,nonindustrial,544,18,0.6814156373043797,0.3875443979177059,0.19374540672200002,-0.004075172495153767
E_P|log1p|uniform|permissive|none,loso,daily_incomplete_pollutant_days,pollutant_availability_subset,industrial_descriptive,237,1,7.944873124925127,5.237580203341772,-5.1997296745654005,-0.6872150020118788
E_P|log1p|uniform|permissive|none,loso,daily_incomplete_pollutant_days,pollutant_availability_subset,nonindustrial_higher,55,8,0.969444387737723,0.6399572438181818,0.4375392285454546,0.07805088553817086
E_P|log1p|uniform|permissive|none,loso,daily_incomplete_pollutant_days,pollutant_availability_subset,nonindustrial_lower,489,10,0.6409728708414241,0.3591544050250143,0.16632483371527199,-0.060540904672187645
E|log1p|uniform|permissive|none,loso,daily_incomplete_pollutant_days,pollutant_availability_subset,all_network,781,19,4.6832585363742885,2.3962391813918056,-0.9671324955147247,-0.19864979879609224
E|log1p|uniform|permissive|none,loso,daily_incomplete_pollutant_days,pollutant_availability_subset,nonindustrial,544,18,1.6552774274902113,1.0636360976875001,0.9783267792426471,-4.924935443195509
E|log1p|uniform|permissive|none,loso,daily_incomplete_pollutant_days,pollutant_availability_subset,industrial_descriptive,237,1,8.123278506641185,5.4550411963080165,-5.43265926964135,-0.7638399809975007
E|log1p|uniform|permissive|none,loso,daily_incomplete_pollutant_days,pollutant_availability_subset,nonindustrial_higher,55,8,0.7139304547774618,0.40176220723636363,0.013948785745454535,0.49999658929407986
E|log1p|uniform|permissive|none,loso,daily_incomplete_pollutant_days,pollutant_availability_subset,nonindustrial_lower,489,10,1.7293898061684805,1.1380799912965236,1.0867946517218816,-6.720295371499944
E_P|log1p|uniform|permissive|mask,block30,daily_complete_pollutant_days,pollutant_availability_subset,all_network,4308,19,0.7853483514930757,0.3627849921156383,-0.009515615594514856,0.8517902904661159
E_P|log1p|uniform|permissive|mask,block30,daily_complete_pollutant_days,pollutant_availability_subset,nonindustrial,4308,19,0.7853483514930757,0.3627849921156383,-0.009515615594514856,0.8517902904661159
E_P|log1p|uniform|permissive|mask,block30,daily_complete_pollutant_days,pollutant_availability_subset,nonindustrial_higher,2339,10,1.0052758510571347,0.5107395332857504,-0.03226619417672938,0.843642654352796
E_P|log1p|uniform|permissive|mask,block30,daily_complete_pollutant_days,pollutant_availability_subset,nonindustrial_lower,1969,9,0.38595740653569266,0.187027921624581,0.017510084407414927,0.745337390966544
E_P|log1p|uniform|permissive|none,block30,daily_complete_pollutant_days,pollutant_availability_subset,all_network,4308,19,0.7657503893638131,0.35254348466556173,-0.017345366429582176,0.8590949897634305
E_P|log1p|uniform|permissive|none,block30,daily_complete_pollutant_days,pollutant_availability_subset,nonindustrial,4308,19,0.7657503893638131,0.35254348466556173,-0.017345366429582176,0.8590949897634305
E_P|log1p|uniform|permissive|none,block30,daily_complete_pollutant_days,pollutant_availability_subset,nonindustrial_higher,2339,10,0.9822115449928355,0.5028420281917486,-0.04913618345981188,0.8507350436365271
E_P|log1p|uniform|permissive|none,block30,daily_complete_pollutant_days,pollutant_availability_subset,nonindustrial_lower,1969,9,0.3700109032626137,0.1740019441334383,0.02041934714771965,0.7659463227540164
E_P|log1p|uniform|permissive|mask,block30,daily_incomplete_pollutant_days,pollutant_availability_subset,all_network,781,19,3.13710548313172,1.159491900788092,-0.4624180038713188,0.4621585195881347
E_P|log1p|uniform|permissive|mask,block30,daily_incomplete_pollutant_days,pollutant_availability_subset,nonindustrial,544,18,0.4402978373829343,0.16788329217922793,-0.025717601679227934,0.5807866138663771
E_P|log1p|uniform|permissive|mask,block30,daily_incomplete_pollutant_days,pollutant_availability_subset,industrial_descriptive,237,1,5.655622062072712,3.4355892977637135,-1.4648020494092824,0.14501744030111496
E_P|log1p|uniform|permissive|mask,block30,daily_incomplete_pollutant_days,pollutant_availability_subset,nonindustrial_higher,55,8,0.6718254551187435,0.3209429171999999,0.00916576898181819,0.5572342080398098
E_P|log1p|uniform|permissive|mask,block30,daily_incomplete_pollutant_days,pollutant_availability_subset,nonindustrial_lower,489,10,0.40608059696107723,0.1506679969314928,-0.02964108917689161,0.5743304300673344
E_P|log1p|uniform|permissive|none,block30,daily_incomplete_pollutant_days,pollutant_availability_subset,all_network,781,19,3.0009536526773473,1.1278141299729834,-0.4091269395350832,0.5078305798173177
E_P|log1p|uniform|permissive|none,block30,daily_incomplete_pollutant_days,pollutant_availability_subset,nonindustrial,544,18,0.5536395888208523,0.20851806051268382,0.02474155664172795,0.33717891991674853
E_P|log1p|uniform|permissive|none,block30,daily_incomplete_pollutant_days,pollutant_availability_subset,industrial_descriptive,237,1,5.382705698396227,3.2379283147257385,-1.4050107451054856,0.22554218517430136
E_P|log1p|uniform|permissive|none,block30,daily_incomplete_pollutant_days,pollutant_availability_subset,nonindustrial_higher,55,8,1.0749374088076633,0.5855531521818182,0.35178328076363635,-0.13351560638497273
E_P|log1p|uniform|permissive|none,block30,daily_incomplete_pollutant_days,pollutant_availability_subset,nonindustrial_lower,489,10,0.4593788869262524,0.16611125061124743,-0.01204227735971369,0.45525884263657757
E_P|log1p|uniform|permissive|mask,loso,daily_complete_pollutant_days,pollutant_availability_subset,all_network,4308,19,0.9806781339834248,0.48799829351702884,-0.03987557137821728,0.7688973277617555
E_P|log1p|uniform|permissive|mask,loso,daily_complete_pollutant_days,pollutant_availability_subset,nonindustrial,4308,19,0.9806781339834248,0.48799829351702884,-0.03987557137821728,0.7688973277617555
E_P|log1p|uniform|permissive|mask,loso,daily_complete_pollutant_days,pollutant_availability_subset,nonindustrial_higher,2339,10,1.2429976624747126,0.6679679961571183,-0.21191507975181703,0.7609501843725686
E_P|log1p|uniform|permissive|mask,loso,daily_complete_pollutant_days,pollutant_availability_subset,nonindustrial_lower,1969,9,0.5184631293974603,0.2742100078516303,0.16449233623267648,0.5404612072553494
E_P|log1p|uniform|permissive|none,loso,daily_complete_pollutant_days,pollutant_availability_subset,all_network,4308,19,0.9967390583818542,0.4596393729188324,-0.059807003790837976,0.7612656359025908
E_P|log1p|uniform|permissive|none,loso,daily_complete_pollutant_days,pollutant_availability_subset,nonindustrial,4308,19,0.9967390583818542,0.4596393729188324,-0.059807003790837976,0.7612656359025908
E_P|log1p|uniform|permissive|none,loso,daily_complete_pollutant_days,pollutant_availability_subset,nonindustrial_higher,2339,10,1.2813730832325736,0.6415348067909362,-0.23661460830696876,0.745961825672383
E_P|log1p|uniform|permissive|none,loso,daily_complete_pollutant_days,pollutant_availability_subset,nonindustrial_lower,1969,9,0.4724538691926927,0.2435634867701016,0.15022498552517521,0.6184027421243836
E_P|log1p|uniform|permissive|mask,loso,daily_incomplete_pollutant_days,pollutant_availability_subset,all_network,781,19,4.595180693618679,2.2383792420504482,-1.0932528477661971,-0.15398785231463852
E_P|log1p|uniform|permissive|mask,loso,daily_incomplete_pollutant_days,pollutant_availability_subset,nonindustrial,544,18,1.3972200356964228,0.8696327080443016,0.7678749155880515,-3.221547172492407
E_P|log1p|uniform|permissive|mask,loso,daily_incomplete_pollutant_days,pollutant_availability_subset,industrial_descriptive,237,1,8.06862462635365,5.380143438250211,-5.365208557743881,-0.7401853926701414
E_P|log1p|uniform|permissive|mask,loso,daily_incomplete_pollutant_days,pollutant_availability_subset,nonindustrial_higher,55,8,0.7666484515493729,0.39236330516545453,0.049180715198181825,0.42342783054382016
E_P|log1p|uniform|permissive|mask,loso,daily_incomplete_pollutant_days,pollutant_availability_subset,nonindustrial_lower,489,10,1.4511003658249315,0.9233133157300614,0.848709641603272,-4.43554418125261
E_P|log1p|uniform|permissive|none,loso,daily_incomplete_pollutant_days,pollutant_availability_subset,all_network,781,19,4.413382216429511,1.8593222287570192,-1.442942934206443,-0.06448398376978237
E_P|log1p|uniform|permissive|none,loso,daily_incomplete_pollutant_days,pollutant_availability_subset,nonindustrial,544,18,0.6814156373043797,0.3875443979177059,0.19374540672200002,-0.004075172495153767
E_P|log1p|uniform|permissive|none,loso,daily_incomplete_pollutant_days,pollutant_availability_subset,industrial_descriptive,237,1,7.944873124925127,5.237580203341772,-5.1997296745654005,-0.6872150020118788
E_P|log1p|uniform|permissive|none,loso,daily_incomplete_pollutant_days,pollutant_availability_subset,nonindustrial_higher,55,8,0.969444387737723,0.6399572438181818,0.4375392285454546,0.07805088553817086
E_P|log1p|uniform|permissive|none,loso,daily_incomplete_pollutant_days,pollutant_availability_subset,nonindustrial_lower,489,10,0.6409728708414241,0.3591544050250143,0.16632483371527199,-0.060540904672187645
E_P_MATCHED,block30,daily_complete_pollutant_days,pollutant_availability_subset,all_network,4308,19,0.7657503893638131,0.35254348466556173,-0.017345366429582176,0.8590949897634305
E_P_MATCHED,block30,daily_complete_pollutant_days,pollutant_availability_subset,nonindustrial,4308,19,0.7657503893638131,0.35254348466556173,-0.017345366429582176,0.8590949897634305
E_P_MATCHED,block30,daily_complete_pollutant_days,pollutant_availability_subset,nonindustrial_higher,2339,10,0.9822115449928355,0.5028420281917486,-0.04913618345981188,0.8507350436365271
E_P_MATCHED,block30,daily_complete_pollutant_days,pollutant_availability_subset,nonindustrial_lower,1969,9,0.3700109032626137,0.1740019441334383,0.02041934714771965,0.7659463227540164
E_P|log1p|uniform|permissive|none,block30,daily_complete_pollutant_days,pollutant_availability_subset,all_network,4308,19,0.7657503893638131,0.35254348466556173,-0.017345366429582176,0.8590949897634305
E_P|log1p|uniform|permissive|none,block30,daily_complete_pollutant_days,pollutant_availability_subset,nonindustrial,4308,19,0.7657503893638131,0.35254348466556173,-0.017345366429582176,0.8590949897634305
E_P|log1p|uniform|permissive|none,block30,daily_complete_pollutant_days,pollutant_availability_subset,nonindustrial_higher,2339,10,0.9822115449928355,0.5028420281917486,-0.04913618345981188,0.8507350436365271
E_P|log1p|uniform|permissive|none,block30,daily_complete_pollutant_days,pollutant_availability_subset,nonindustrial_lower,1969,9,0.3700109032626137,0.1740019441334383,0.02041934714771965,0.7659463227540164
E_P_MATCHED,block30,daily_incomplete_pollutant_days,pollutant_availability_subset,all_network,781,19,2.996929256206673,1.1152852175985914,-0.4493215899609475,0.5091497316727714
E_P_MATCHED,block30,daily_incomplete_pollutant_days,pollutant_availability_subset,nonindustrial,544,18,0.4687897503805428,0.1631811634273897,-0.022462337793198527,0.5247761234980126
E_P_MATCHED,block30,daily_incomplete_pollutant_days,pollutant_availability_subset,industrial_descriptive,237,1,5.393802638270276,3.3007054938396627,-1.4291166666666666,0.2223456624358413
E_P_MATCHED,block30,daily_incomplete_pollutant_days,pollutant_availability_subset,nonindustrial_higher,55,8,0.7535719480822636,0.3419462066181817,0.035726120000000014,0.44292894086537227
E_P_MATCHED,block30,daily_incomplete_pollutant_days,pollutant_availability_subset,nonindustrial_lower,489,10,0.4249831852854148,0.14307466572699384,-0.029007051859918195,0.5337792255233684
E_P|log1p|uniform|permissive|none,block30,daily_incomplete_pollutant_days,pollutant_availability_subset,all_network,781,19,3.0009536526773473,1.1278141299729834,-0.4091269395350832,0.5078305798173177
E_P|log1p|uniform|permissive|none,block30,daily_incomplete_pollutant_days,pollutant_availability_subset,nonindustrial,544,18,0.5536395888208523,0.20851806051268382,0.02474155664172795,0.33717891991674853
E_P|log1p|uniform|permissive|none,block30,daily_incomplete_pollutant_days,pollutant_availability_subset,industrial_descriptive,237,1,5.382705698396227,3.2379283147257385,-1.4050107451054856,0.22554218517430136
E_P|log1p|uniform|permissive|none,block30,daily_incomplete_pollutant_days,pollutant_availability_subset,nonindustrial_higher,55,8,1.0749374088076633,0.5855531521818182,0.35178328076363635,-0.13351560638497273
E_P|log1p|uniform|permissive|none,block30,daily_incomplete_pollutant_days,pollutant_availability_subset,nonindustrial_lower,489,10,0.4593788869262524,0.16611125061124743,-0.01204227735971369,0.45525884263657757
E_P_MATCHED,loso,daily_complete_pollutant_days,pollutant_availability_subset,all_network,4308,19,0.9967390583818542,0.4596393729188324,-0.059807003790837976,0.7612656359025908
E_P_MATCHED,loso,daily_complete_pollutant_days,pollutant_availability_subset,nonindustrial,4308,19,0.9967390583818542,0.4596393729188324,-0.059807003790837976,0.7612656359025908
E_P_MATCHED,loso,daily_complete_pollutant_days,pollutant_availability_subset,nonindustrial_higher,2339,10,1.2813730832325736,0.6415348067909362,-0.23661460830696876,0.745961825672383
E_P_MATCHED,loso,daily_complete_pollutant_days,pollutant_availability_subset,nonindustrial_lower,1969,9,0.4724538691926927,0.2435634867701016,0.15022498552517521,0.6184027421243836
E_P|log1p|uniform|permissive|none,loso,daily_complete_pollutant_days,pollutant_availability_subset,all_network,4308,19,0.9967390583818542,0.4596393729188324,-0.059807003790837976,0.7612656359025908
E_P|log1p|uniform|permissive|none,loso,daily_complete_pollutant_days,pollutant_availability_subset,nonindustrial,4308,19,0.9967390583818542,0.4596393729188324,-0.059807003790837976,0.7612656359025908
E_P|log1p|uniform|permissive|none,loso,daily_complete_pollutant_days,pollutant_availability_subset,nonindustrial_higher,2339,10,1.2813730832325736,0.6415348067909362,-0.23661460830696876,0.745961825672383
E_P|log1p|uniform|permissive|none,loso,daily_complete_pollutant_days,pollutant_availability_subset,nonindustrial_lower,1969,9,0.4724538691926927,0.2435634867701016,0.15022498552517521,0.6184027421243836
E_P_MATCHED,loso,daily_incomplete_pollutant_days,pollutant_availability_subset,all_network,781,19,4.481166131543187,1.9911467230358517,-1.3268205109180538,-0.09743331465980676
E_P_MATCHED,loso,daily_incomplete_pollutant_days,pollutant_availability_subset,nonindustrial,544,18,1.1851969384895087,0.5757767005863971,0.3635195037959559,-2.0375475082601255
E_P_MATCHED,loso,daily_incomplete_pollutant_days,pollutant_availability_subset,industrial_descriptive,237,1,7.934061442520811,5.239928546717299,-5.2067570847763704,-0.6826260751624071
E_P_MATCHED,loso,daily_incomplete_pollutant_days,pollutant_availability_subset,nonindustrial_higher,55,8,0.8270368926515757,0.4176804136545454,0.10597869220000002,0.32901792841806277
E_P_MATCHED,loso,daily_incomplete_pollutant_days,pollutant_availability_subset,nonindustrial_lower,489,10,1.2189143974426744,0.5935584915501022,0.39248626174642126,-2.8352576122699373
E_P|log1p|uniform|permissive|none,loso,daily_incomplete_pollutant_days,pollutant_availability_subset,all_network,781,19,4.413382216429511,1.8593222287570192,-1.442942934206443,-0.06448398376978237
E_P|log1p|uniform|permissive|none,loso,daily_incomplete_pollutant_days,pollutant_availability_subset,nonindustrial,544,18,0.6814156373043797,0.3875443979177059,0.19374540672200002,-0.004075172495153767
E_P|log1p|uniform|permissive|none,loso,daily_incomplete_pollutant_days,pollutant_availability_subset,industrial_descriptive,237,1,7.944873124925127,5.237580203341772,-5.1997296745654005,-0.6872150020118788
E_P|log1p|uniform|permissive|none,loso,daily_incomplete_pollutant_days,pollutant_availability_subset,nonindustrial_higher,55,8,0.969444387737723,0.6399572438181818,0.4375392285454546,0.07805088553817086
E_P|log1p|uniform|permissive|none,loso,daily_incomplete_pollutant_days,pollutant_availability_subset,nonindustrial_lower,489,10,0.6409728708414241,0.3591544050250143,0.16632483371527199,-0.060540904672187645
E_P|log1p|uniform|permissive|none,block30,daily,common_bracketable,all_network,4928,21,1.3722527607906712,0.4597414014089164,-0.07422275471764204,0.7072630214079807
E_P|log1p|uniform|permissive|none,block30,daily,common_bracketable,nonindustrial,4695,20,0.7265589039712083,0.3222018846119574,-0.007765614048677317,0.8594695014193081
E_P|log1p|uniform|permissive|none,block30,daily,common_bracketable,industrial_descriptive,233,1,5.4028180511376,3.231192179785408,-1.4133484003862662,0.2235970656538082
E_P|log1p|uniform|permissive|none,block30,daily,common_bracketable,nonindustrial_higher,2334,10,0.9625995007220413,0.4882361811741645,-0.030346765647172237,0.8522395434293752
E_P|log1p|uniform|permissive|none,block30,daily,common_bracketable,nonindustrial_lower,2361,10,0.36570133072426586,0.15806632841704366,0.01455730328757306,0.7455773037826408
HARMONIC,block30,daily,common_bracketable,all_network,4928,21,1.8189597516134743,0.7550240720593523,-0.003948595627801766,0.48565379643898954
HARMONIC,block30,daily,common_bracketable,nonindustrial,4695,20,1.2507443634432058,0.5730157644283792,0.011039305935253088,0.583546959672085
HARMONIC,block30,daily,common_bracketable,industrial_descriptive,233,1,6.201265125329277,4.422530528400209,-0.3059580284112463,-0.022838536937773046
HARMONIC,block30,daily,common_bracketable,nonindustrial_higher,2334,10,1.6965746285446839,0.9112506145322401,0.02540138222542804,0.5409997772363622
HARMONIC,block30,daily,common_bracketable,nonindustrial_lower,2361,10,0.5151545249597683,0.23864891133968305,-0.0031585280593544283,0.495132043683446
INTERP_LINEAR,block30,daily,common_bracketable,all_network,4928,21,2.1258567112459374,0.8538395083657405,-0.01504241837859157,0.29744984058377966
INTERP_LINEAR,block30,daily,common_bracketable,nonindustrial,4695,20,1.439426777481754,0.6419170321892197,0.02201744799048876,0.4484205425052039
INTERP_LINEAR,block30,daily,common_bracketable,industrial_descriptive,233,1,7.337113581569255,5.124122880248848,-0.7618066784765835,-0.4318481676317041
INTERP_LINEAR,block30,daily,common_bracketable,nonindustrial_higher,2334,10,1.946887815304783,1.0184318399426995,0.06023348077307111,0.39556609948713883
INTERP_LINEAR,block30,daily,common_bracketable,nonindustrial_lower,2361,10,0.6108832327511193,0.26970798462605955,-0.015761552650996727,0.290064032634191
INTERP_LOGLINEAR,block30,daily,common_bracketable,all_network,4928,21,2.1033711105299244,0.8254734722136392,-0.10046976938170964,0.31223326123784634
INTERP_LOGLINEAR,block30,daily,common_bracketable,nonindustrial,4695,20,1.4124682018156187,0.6147755937959796,-0.056661136697744696,0.46888778804741305
INTERP_LOGLINEAR,block30,daily,common_bracketable,industrial_descriptive,233,1,7.3055546665557145,5.071080936466484,-0.9832231189577415,-0.41955712371433407
INTERP_LOGLINEAR,block30,daily,common_bracketable,nonindustrial_higher,2334,10,1.9136891527761302,0.9744353327101836,-0.07784593847298495,0.4160041638868279
INTERP_LOGLINEAR,block30,daily,common_bracketable,nonindustrial_lower,2361,10,0.5890600983032256,0.2592288633318745,-0.03571860076237372,0.3398813840350333
PM_RIDGE,block30,daily,common_bracketable,all_network,4928,21,1.7184339558808233,0.657105804317185,-0.17442185026155899,0.5409340820428641
PM_RIDGE,block30,daily,common_bracketable,nonindustrial,4695,20,1.0110581056910388,0.48237830549002775,-0.1196032240326773,0.7278670316678552
PM_RIDGE,block30,daily,common_bracketable,industrial_descriptive,233,1,6.469820821202241,4.177902400855825,-1.2790289324272224,-0.11334814583902775
PM_RIDGE,block30,daily,common_bracketable,nonindustrial_higher,2334,10,1.3524950699579412,0.7101374131488448,-0.30965832915206426,0.7082987154269291
PM_RIDGE,block30,daily,common_bracketable,nonindustrial_lower,2361,10,0.4737750933849256,0.2572238127853777,0.06827844278165948,0.5729809783955446
E_P|log1p|uniform|permissive|none,dispersed_mod9,daily,common_bracketable,all_network,5066,21,1.3413813243277493,0.44712749144821745,-0.08667144613909791,0.7194370341207987
E_P|log1p|uniform|permissive|none,dispersed_mod9,daily,common_bracketable,nonindustrial,4830,20,0.6848920869424179,0.3130402375044865,-0.020409787969082813,0.8757971810857264
E_P|log1p|uniform|permissive|none,dispersed_mod9,daily,common_bracketable,industrial_descriptive,236,1,5.387379557858573,3.1913708666525427,-1.4427892807203389,0.22691855495931434
E_P|log1p|uniform|permissive|none,dispersed_mod9,daily,common_bracketable,nonindustrial_higher,2382,10,0.9022899346561706,0.4665895223337531,-0.04632710692569269,0.8710551831154111
E_P|log1p|uniform|permissive|none,dispersed_mod9,daily,common_bracketable,nonindustrial_lower,2448,10,0.36514385214122386,0.1636307618250286,0.0048087797411478774,0.7561344622714714
E_P|log1p|uniform|permissive|none,dispersed_mod9,reconstructed_mean,common_bracketable_replacements,all_network,378,21,0.06454413609000065,0.024509864206662183,-0.010066451648319194,0.9974693597274938
E_P|log1p|uniform|permissive|none,dispersed_mod9,reconstructed_mean,common_bracketable_replacements,nonindustrial,360,20,0.022806205070369085,0.015243967181263996,-0.002589410231239598,0.9991257702648545
E_P|log1p|uniform|permissive|none,dispersed_mod9,reconstructed_mean,common_bracketable_replacements,industrial_descriptive,18,1,0.27763716570635927,0.20982780471462595,-0.15960727998991114,-0.7288935065295161
E_P|log1p|uniform|permissive|none,dispersed_mod9,reconstructed_mean,common_bracketable_replacements,nonindustrial_higher,180,10,0.02999228724431723,0.022406960734217385,-0.005653047899353765,0.9972678365452532
E_P|log1p|uniform|permissive|none,dispersed_mod9,reconstructed_mean,common_bracketable_replacements,nonindustrial_lower,180,10,0.011862069181969193,0.008080973628310603,0.00047422743687456807,0.9969888871673099
HARMONIC,dispersed_mod9,daily,common_bracketable,all_network,5066,21,1.8109525152678796,0.7572754199598968,0.0018858548374349026,0.48862445106284447
HARMONIC,dispersed_mod9,daily,common_bracketable,nonindustrial,4830,20,1.250521770412259,0.5763359523240527,0.015670037929747742,0.585933906261167
HARMONIC,dispersed_mod9,daily,common_bracketable,industrial_descriptive,236,1,6.196301044258838,4.46040096521891,-0.2802226381111715,-0.022669069249338758
HARMONIC,dispersed_mod9,daily,common_bracketable,nonindustrial_higher,2382,10,1.6986390764583885,0.915061022306041,0.03347664823728751,0.5430024354594811
HARMONIC,dispersed_mod9,daily,common_bracketable,nonindustrial_lower,2448,10,0.5271292522485029,0.2467431758955005,-0.0016564921979318702,0.491774232263107
HARMONIC,dispersed_mod9,reconstructed_mean,common_bracketable_replacements,all_network,378,21,0.06441589572486063,0.03374414625911204,0.00033495477505390397,0.9974794058092495
HARMONIC,dispersed_mod9,reconstructed_mean,common_bracketable_replacements,nonindustrial,360,20,0.039559167461126366,0.025955307430756438,0.0019066996452326904,0.9973696483674598
HARMONIC,dispersed_mod9,reconstructed_mean,common_bracketable_replacements,industrial_descriptive,18,1,0.2363027834334791,0.18952092282622404,-0.03109994262852182,-0.25242207341108824
HARMONIC,dispersed_mod9,reconstructed_mean,common_bracketable_replacements,nonindustrial_higher,180,10,0.05367047086302645,0.041200559900062605,0.004173963971174071,0.991251002039448
HARMONIC,dispersed_mod9,reconstructed_mean,common_bracketable_replacements,nonindustrial_lower,180,10,0.01579037737914794,0.010710054961450262,-0.00036056468070869044,0.9946643031928377
INTERP_LINEAR,dispersed_mod9,daily,common_bracketable,all_network,5066,21,1.9060191290306914,0.7516089307241706,0.004676832449807254,0.43352552859870297
INTERP_LINEAR,dispersed_mod9,daily,common_bracketable,nonindustrial,4830,20,1.2675600960981774,0.5473192683751783,0.003742838058542069,0.5745737601623045
INTERP_LINEAR,dispersed_mod9,daily,common_bracketable,industrial_descriptive,236,1,6.71575243626757,4.9326219355785454,0.023792056643921117,-0.20132207701422655
INTERP_LINEAR,dispersed_mod9,daily,common_bracketable,nonindustrial_higher,2382,10,1.7135328887637213,0.8617626907061706,0.007243578222811968,0.5349533145479421
INTERP_LINEAR,dispersed_mod9,daily,common_bracketable,nonindustrial_lower,2448,10,0.5595232154829917,0.24135348733252182,0.00033648059477946527,0.4273903439497013
INTERP_LINEAR,dispersed_mod9,reconstructed_mean,common_bracketable_replacements,all_network,378,21,0.07190709266192796,0.03513856094095155,0.0005371329074071425,0.9968590553002022
INTERP_LINEAR,dispersed_mod9,reconstructed_mean,common_bracketable_replacements,nonindustrial,360,20,0.03862531266465205,0.025219908259337176,0.00043211027757829404,0.9974923695214086
INTERP_LINEAR,dispersed_mod9,reconstructed_mean,common_bracketable_replacements,industrial_descriptive,18,1,0.28061527739606473,0.233511614573239,0.0026375855039841114,-0.7661828427302602
INTERP_LINEAR,dispersed_mod9,reconstructed_mean,common_bracketable_replacements,nonindustrial_higher,180,10,0.05206108070933889,0.03917863287262319,0.0008165930782923306,0.9917678388642229
INTERP_LINEAR,dispersed_mod9,reconstructed_mean,common_bracketable_replacements,nonindustrial_lower,180,10,0.01653703214787839,0.011261183646051172,4.762747686425712e-05,0.9941477716201249
INTERP_LOGLINEAR,dispersed_mod9,daily,common_bracketable,all_network,5066,21,1.87497029443154,0.7279256059428338,-0.11020484678688376,0.4518308179963243
INTERP_LOGLINEAR,dispersed_mod9,daily,common_bracketable,nonindustrial,4830,20,1.2486811829642919,0.5335047492331808,-0.06937320025732911,0.5871519002280415
INTERP_LOGLINEAR,dispersed_mod9,daily,common_bracketable,industrial_descriptive,236,1,6.599509880981647,4.706962630975137,-0.945869477031583,-0.16009476913097176
INTERP_LOGLINEAR,dispersed_mod9,daily,common_bracketable,nonindustrial_higher,2382,10,1.6922035225886516,0.8434467895672569,-0.11651904376353185,0.5464586860662939
INTERP_LOGLINEAR,dispersed_mod9,daily,common_bracketable,nonindustrial_lower,2448,10,0.5385377223295529,0.23191898939830782,-0.02349844566918577,0.46953747984979244
INTERP_LOGLINEAR,dispersed_mod9,reconstructed_mean,common_bracketable_replacements,all_network,378,21,0.07508096353011394,0.034659993164354155,-0.01240181404054115,0.9965756629450448
INTERP_LOGLINEAR,dispersed_mod9,reconstructed_mean,common_bracketable_replacements,nonindustrial,360,20,0.03949953891933303,0.02507672245896147,-0.00778750226905358,0.9973775719833904
INTERP_LOGLINEAR,dispersed_mod9,reconstructed_mean,common_bracketable_replacements,industrial_descriptive,18,1,0.2952556541033858,0.22632540727220793,-0.10468804947029255,-0.955282371816623
INTERP_LOGLINEAR,dispersed_mod9,reconstructed_mean,common_bracketable_replacements,nonindustrial_higher,180,10,0.053521495165190835,0.039520109788463764,-0.012945666328494986,0.9912995046561471
INTERP_LOGLINEAR,dispersed_mod9,reconstructed_mean,common_bracketable_replacements,nonindustrial_lower,180,10,0.01599614656604091,0.01063333512945917,-0.002629338209612172,0.9945243349521953
PM_RIDGE,dispersed_mod9,daily,common_bracketable,all_network,5066,21,1.7105698458677694,0.6605440881979353,-0.1746306748606901,0.5437451890770746
PM_RIDGE,dispersed_mod9,daily,common_bracketable,nonindustrial,4830,20,1.012112631101179,0.48782852671520194,-0.12150364481224064,0.7287655524067905
PM_RIDGE,dispersed_mod9,daily,common_bracketable,industrial_descriptive,236,1,6.46884599940053,4.195358333797944,-1.2619338745810749,-0.11461203017067811
PM_RIDGE,dispersed_mod9,daily,common_bracketable,nonindustrial_higher,2382,10,1.3531603978581088,0.7146623208213251,-0.3175847109547373,0.7099918369168796
PM_RIDGE,dispersed_mod9,daily,common_bracketable,nonindustrial_lower,2448,10,0.489335650503247,0.26711034960703806,0.06929092199798279,0.5620382720561916
PM_RIDGE,dispersed_mod9,reconstructed_mean,common_bracketable_replacements,all_network,378,21,0.07603970301507643,0.03826952258655219,-0.020104135404494856,0.9964876510636326
PM_RIDGE,dispersed_mod9,reconstructed_mean,common_bracketable_replacements,nonindustrial,360,20,0.04295531635596193,0.02884910416300014,-0.014123290672039813,0.996898631528584
PM_RIDGE,dispersed_mod9,reconstructed_mean,common_bracketable_replacements,industrial_descriptive,18,1,0.2907225155749483,0.22667789105759312,-0.1397210300535957,-0.8957033365616185
PM_RIDGE,dispersed_mod9,reconstructed_mean,common_bracketable_replacements,nonindustrial_higher,180,10,0.057758120342056136,0.04355130694098494,-0.03603777172720961,0.9898675701207355
PM_RIDGE,dispersed_mod9,reconstructed_mean,common_bracketable_replacements,nonindustrial_lower,180,10,0.018823335013596877,0.014146901385015346,0.007791190383129982,0.9924177296021665
