model,protocol,estimand,RMSE,MAE,bias,agreement_R2
E_inv,block30,daily,1.0646904647842725,0.4358063834424979,-0.14189502590416322,0.702373339276112
E_inv,block30,station_year_mean,0.21719833790200163,0.16406807081954838,-0.14585656515724785,0.9207074255140391
E_inv,block30,station_year_mean_higher,0.2997222739589608,0.2726258099716212,-0.2726258099716212,0.7271490048302722
E_inv,block30,station_year_mean_lower,0.06720710131863888,0.05551033166747556,-0.0190873203428745,0.9033423007448171
E,block30,daily,1.0381092666685159,0.4376878047590603,-0.03882276769871393,0.7170489967797598
E,block30,station_year_mean,0.10090551607710117,0.08265309930013438,-0.04097221774043793,0.9828860862210703
E,block30,station_year_mean_higher,0.12492564627005372,0.10900008455526602,-0.088887087630266,0.952598649631642
E,block30,station_year_mean_lower,0.0689741201725811,0.056306114045002756,0.0069426521493901215,0.8981928070197611
E_P,block30,daily,0.7388765957420976,0.33287320622607175,-0.01253739034309563,0.8566594973334225
E_P,block30,station_year_mean,0.07195957427051079,0.054783563684730543,-0.01606947552256603,0.9912964446731427
E_P,block30,station_year_mean_higher,0.0838442123423272,0.06618999295884881,-0.03531236246191144,0.9786482398264299
E_P,block30,station_year_mean_lower,0.057675893708559606,0.04337713441061225,0.003173411416779383,0.9288139672383483
E_inv,loso,daily,1.2569298191904112,0.6330674523311006,-0.03458039431584914,0.585191963820965
E_inv,loso,station_year_mean,0.5741218777458089,0.41448858981847386,-0.05231828039990558,0.4459770990202705
E_inv,loso,station_year_mean_higher,0.6548877285759535,0.522333117086453,-0.3841030692772136,-0.302630400931976
E_inv,loso,station_year_mean_lower,0.4799520017391067,0.30664406255049464,0.27946650847740245,-3.9294871540248257
E,loso,daily,1.356566162511632,0.7161567607206306,0.1681846250238046,0.5168220992459408
E,loso,station_year_mean,0.7831179029825593,0.505291758859555,0.17421848978301238,-0.030798621079494826
E,loso,station_year_mean_higher,0.5294757084899059,0.44982652742328755,-0.18941314928047587,0.14850993579140237
E,loso,station_year_mean_lower,0.97272954826237,0.5607569902958223,0.5378501288465005,-19.248382746820102
E_P,loso,daily,0.8320170939613196,0.4220179067797898,-0.0017359937196084134,0.8182436466786748
E_P,loso,station_year_mean,0.3022490695124803,0.25022270364934546,-0.020723801741793266,0.8464501244174628
E_P,loso,station_year_mean_higher,0.32054587972691206,0.2865167692477284,-0.17768671925123294,0.6879185881164518
E_P,loso,station_year_mean_lower,0.2827708242241769,0.21392863805096254,0.13623911576764644,-0.7110997191008954
